name,codes,char,groupes,subgroupes
hundred points,1F4AF,ğŸ’¯,Smileys & Emotion,emotion
input numbers,1F522,ğŸ”¢,Symbols,alphanum
thumbs up,1F44D,ğŸ‘,People & Body,hand-fingers-closed
thumbs down,1F44E,ğŸ‘,People & Body,hand-fingers-closed
1st place medal,1F947,ğŸ¥‡,Activities,award-medal
2nd place medal,1F948,ğŸ¥ˆ,Activities,award-medal
3rd place medal,1F949,ğŸ¥‰,Activities,award-medal
pool 8 ball,1F3B1,ğŸ±,Activities,game
A button (blood type),1F170,ğŸ…°,Symbols,alphanum
AB button (blood type),1F18E,ğŸ†,Symbols,alphanum
abacus,1F9EE,ğŸ§®,Objects,computer
input latin letters,1F524,ğŸ”¤,Symbols,alphanum
input latin lowercase,1F521,ğŸ”¡,Symbols,alphanum
Japanese â€œacceptableâ€ button,1F251,ğŸ‰‘,Symbols,alphanum
adhesive bandage,1FA79,ğŸ©¹,Objects,medical
person,1F9D1,ğŸ§‘,People & Body,person
aerial tramway,1F6A1,ğŸš¡,Travel & Places,transport-air
airplane,2708,âœˆ,Travel & Places,transport-air
alarm clock,23F0,â°,Travel & Places,time
alembic,2697,âš—,Objects,science
alien,1F47D,ğŸ‘½,Smileys & Emotion,face-costume
ambulance,1F691,ğŸš‘,Travel & Places,transport-ground
amphora,1F3FA,ğŸº,Food & Drink,dishware
anchor,2693,âš“,Travel & Places,transport-water
baby angel,1F47C,ğŸ‘¼,People & Body,person-fantasy
anger symbol,1F4A2,ğŸ’¢,Smileys & Emotion,emotion
angry face,1F620,ğŸ˜ ,Smileys & Emotion,face-negative
anguished face,1F627,ğŸ˜§,Smileys & Emotion,face-concerned
ant,1F41C,ğŸœ,Animals & Nature,animal-bug
red apple,1F34E,ğŸ,Food & Drink,food-fruit
Aquarius,2652,â™’,Symbols,zodiac
Aries,2648,â™ˆ,Symbols,zodiac
reverse button,25C0,â—€,Symbols,av-symbol
fast down button,23EC,â¬,Symbols,av-symbol
fast up button,23EB,â«,Symbols,av-symbol
down arrow,2B07,â¬‡,Symbols,arrow
downwards button,1F53D,ğŸ”½,Symbols,av-symbol
play button,25B6,â–¶,Symbols,av-symbol
right arrow curving down,2935,â¤µ,Symbols,arrow
right arrow curving up,2934,â¤´,Symbols,arrow
left arrow,2B05,â¬…,Symbols,arrow
down-left arrow,2199,â†™,Symbols,arrow
down-right arrow,2198,â†˜,Symbols,arrow
right arrow,27A1,â¡,Symbols,arrow
left arrow curving right,21AA,â†ª,Symbols,arrow
up arrow,2B06,â¬†,Symbols,arrow
up-down arrow,2195,â†•,Symbols,arrow
upwards button,1F53C,ğŸ”¼,Symbols,av-symbol
up-left arrow,2196,â†–,Symbols,arrow
up-right arrow,2197,â†—,Symbols,arrow
clockwise vertical arrows,1F503,ğŸ”ƒ,Symbols,arrow
counterclockwise arrows button,1F504,ğŸ”„,Symbols,arrow
artist palette,1F3A8,ğŸ¨,Activities,arts & crafts
articulated lorry,1F69B,ğŸš›,Travel & Places,transport-ground
satellite,1F6F0,ğŸ›°,Travel & Places,transport-air
person,1F9D1,ğŸ§‘,People & Body,person
keycap: *,002A 20E3,*âƒ£,Symbols,keycap
astonished face,1F632,ğŸ˜²,Smileys & Emotion,face-concerned
person,1F9D1,ğŸ§‘,People & Body,person
running shoe,1F45F,ğŸ‘Ÿ,Objects,clothing
ATM sign,1F3E7,ğŸ§,Symbols,transport-sign
atom symbol,269B,âš›,Symbols,religion
auto rickshaw,1F6FA,ğŸ›º,Travel & Places,transport-ground
avocado,1F951,ğŸ¥‘,Food & Drink,food-vegetable
axe,1FA93,ğŸª“,Objects,tool
B button (blood type),1F171,ğŸ…±,Symbols,alphanum
baby,1F476,ğŸ‘¶,People & Body,person
baby bottle,1F37C,ğŸ¼,Food & Drink,drink
baby chick,1F424,ğŸ¤,Animals & Nature,animal-bird
baby symbol,1F6BC,ğŸš¼,Symbols,transport-sign
BACK arrow,1F519,ğŸ”™,Symbols,arrow
bacon,1F953,ğŸ¥“,Food & Drink,food-prepared
badger,1F9A1,ğŸ¦¡,Animals & Nature,animal-mammal
badminton,1F3F8,ğŸ¸,Activities,sport
bagel,1F96F,ğŸ¥¯,Food & Drink,food-prepared
baggage claim,1F6C4,ğŸ›„,Symbols,transport-sign
baguette bread,1F956,ğŸ¥–,Food & Drink,food-prepared
balance scale,2696,âš–,Objects,tool
man,1F468,ğŸ‘¨,People & Body,person
woman,1F469,ğŸ‘©,People & Body,person
ballet shoes,1FA70,ğŸ©°,Objects,clothing
balloon,1F388,ğŸˆ,Activities,event
ballot box with ballot,1F5F3,ğŸ—³,Objects,mail
check box with check,2611,â˜‘,Symbols,other-symbol
pine decoration,1F38D,ğŸ,Activities,event
banana,1F34C,ğŸŒ,Food & Drink,food-fruit
double exclamation mark,203C,â€¼,Symbols,other-symbol
banjo,1FA95,ğŸª•,Objects,musical-instrument
bank,1F3E6,ğŸ¦,Travel & Places,place-building
bar chart,1F4CA,ğŸ“Š,Objects,office
barber pole,1F488,ğŸ’ˆ,Travel & Places,place-other
baseball,26BE,âš¾,Activities,sport
basket,1F9FA,ğŸ§º,Objects,household
basketball,1F3C0,ğŸ€,Activities,sport
person bouncing ball,26F9,â›¹,People & Body,person-sport
person bouncing ball,26F9,â›¹,People & Body,person-sport
bat,1F987,ğŸ¦‡,Animals & Nature,animal-mammal
person taking bath,1F6C0,ğŸ›€,People & Body,person-resting
bathtub,1F6C1,ğŸ›,Objects,household
battery,1F50B,ğŸ”‹,Objects,computer
beach with umbrella,1F3D6,ğŸ–,Travel & Places,place-geographic
bear,1F43B,ğŸ»,Animals & Nature,animal-mammal
man: beard,1F9D4,ğŸ§”,People & Body,person
bed,1F6CF,ğŸ›,Objects,household
honeybee,1F41D,ğŸ,Animals & Nature,animal-bug
beer mug,1F37A,ğŸº,Food & Drink,drink
clinking beer mugs,1F37B,ğŸ»,Food & Drink,drink
lady beetle,1F41E,ğŸ,Animals & Nature,animal-bug
Japanese symbol for beginner,1F530,ğŸ”°,Symbols,other-symbol
bell,1F514,ğŸ””,Objects,sound
bellhop bell,1F6CE,ğŸ›,Travel & Places,hotel
bento box,1F371,ğŸ±,Food & Drink,food-asian
beverage box,1F9C3,ğŸ§ƒ,Food & Drink,drink
person biking,1F6B4,ğŸš´,People & Body,person-sport
bicycle,1F6B2,ğŸš²,Travel & Places,transport-ground
person biking,1F6B4,ğŸš´,People & Body,person-sport
person biking,1F6B4,ğŸš´,People & Body,person-sport
bikini,1F459,ğŸ‘™,Objects,clothing
billed cap,1F9E2,ğŸ§¢,Objects,clothing
biohazard,2623,â˜£,Symbols,warning
bird,1F426,ğŸ¦,Animals & Nature,animal-bird
birthday cake,1F382,ğŸ‚,Food & Drink,food-sweet
black circle,26AB,âš«,Symbols,geometric
black flag,1F3F4,ğŸ´,Flags,flag
black heart,1F5A4,ğŸ–¤,Smileys & Emotion,emotion
joker,1F0CF,ğŸƒ,Activities,game
black large square,2B1B,â¬›,Symbols,geometric
black medium-small square,25FE,â—¾,Symbols,geometric
black medium square,25FC,â—¼,Symbols,geometric
black nib,2712,âœ’,Objects,writing
black small square,25AA,â–ª,Symbols,geometric
black square button,1F532,ğŸ”²,Symbols,geometric
person: blond hair,1F471,ğŸ‘±,People & Body,person
person: blond hair,1F471,ğŸ‘±,People & Body,person
person: blond hair,1F471,ğŸ‘±,People & Body,person
person: blond hair,1F471,ğŸ‘±,People & Body,person
blossom,1F33C,ğŸŒ¼,Animals & Nature,plant-flower
blowfish,1F421,ğŸ¡,Animals & Nature,animal-marine
blue book,1F4D8,ğŸ“˜,Objects,book-paper
sport utility vehicle,1F699,ğŸš™,Travel & Places,transport-ground
blue heart,1F499,ğŸ’™,Smileys & Emotion,emotion
blue square,1F7E6,ğŸŸ¦,Symbols,geometric
smiling face with smiling eyes,1F60A,ğŸ˜Š,Smileys & Emotion,face-smiling
boar,1F417,ğŸ—,Animals & Nature,animal-mammal
sailboat,26F5,â›µ,Travel & Places,transport-water
bomb,1F4A3,ğŸ’£,Smileys & Emotion,emotion
bone,1F9B4,ğŸ¦´,People & Body,body-parts
open book,1F4D6,ğŸ“–,Objects,book-paper
bookmark,1F516,ğŸ”–,Objects,book-paper
bookmark tabs,1F4D1,ğŸ“‘,Objects,book-paper
books,1F4DA,ğŸ“š,Objects,book-paper
collision,1F4A5,ğŸ’¥,Smileys & Emotion,emotion
womanâ€™s boot,1F462,ğŸ‘¢,Objects,clothing
person bouncing ball,26F9,â›¹,People & Body,person-sport
person bouncing ball,26F9,â›¹,People & Body,person-sport
person bouncing ball,26F9,â›¹,People & Body,person-sport
bouquet,1F490,ğŸ’,Animals & Nature,plant-flower
person bowing,1F647,ğŸ™‡,People & Body,person-gesture
bow and arrow,1F3F9,ğŸ¹,Objects,tool
person bowing,1F647,ğŸ™‡,People & Body,person-gesture
person bowing,1F647,ğŸ™‡,People & Body,person-gesture
bowl with spoon,1F963,ğŸ¥£,Food & Drink,food-prepared
bowling,1F3B3,ğŸ³,Activities,sport
boxing glove,1F94A,ğŸ¥Š,Activities,sport
boy,1F466,ğŸ‘¦,People & Body,person
brain,1F9E0,ğŸ§ ,People & Body,body-parts
bread,1F35E,ğŸ,Food & Drink,food-prepared
breast-feeding,1F931,ğŸ¤±,People & Body,person-role
brick,1F9F1,ğŸ§±,Travel & Places,place-building
bride with veil,1F470,ğŸ‘°,People & Body,person-role
bridge at night,1F309,ğŸŒ‰,Travel & Places,place-other
briefcase,1F4BC,ğŸ’¼,Objects,office
broccoli,1F966,ğŸ¥¦,Food & Drink,food-vegetable
broken heart,1F494,ğŸ’”,Smileys & Emotion,emotion
broom,1F9F9,ğŸ§¹,Objects,household
brown circle,1F7E4,ğŸŸ¤,Symbols,geometric
brown heart,1F90E,ğŸ¤,Smileys & Emotion,emotion
brown square,1F7EB,ğŸŸ«,Symbols,geometric
bug,1F41B,ğŸ›,Animals & Nature,animal-bug
building construction,1F3D7,ğŸ—,Travel & Places,place-building
light bulb,1F4A1,ğŸ’¡,Objects,light & video
bullet train,1F685,ğŸš…,Travel & Places,transport-ground
high-speed train,1F684,ğŸš„,Travel & Places,transport-ground
burrito,1F32F,ğŸŒ¯,Food & Drink,food-prepared
bus,1F68C,ğŸšŒ,Travel & Places,transport-ground
man in suit levitating,1F574,ğŸ•´,People & Body,person-activity
bus stop,1F68F,ğŸš,Travel & Places,transport-ground
bust in silhouette,1F464,ğŸ‘¤,People & Body,person-symbol
busts in silhouette,1F465,ğŸ‘¥,People & Body,person-symbol
butter,1F9C8,ğŸ§ˆ,Food & Drink,food-prepared
butterfly,1F98B,ğŸ¦‹,Animals & Nature,animal-bug
cactus,1F335,ğŸŒµ,Animals & Nature,plant-other
shortcake,1F370,ğŸ°,Food & Drink,food-sweet
tear-off calendar,1F4C6,ğŸ“†,Objects,office
call me hand,1F919,ğŸ¤™,People & Body,hand-fingers-partial
mobile phone with arrow,1F4F2,ğŸ“²,Objects,phone
two-hump camel,1F42B,ğŸ«,Animals & Nature,animal-mammal
camera,1F4F7,ğŸ“·,Objects,light & video
camera with flash,1F4F8,ğŸ“¸,Objects,light & video
camping,1F3D5,ğŸ•,Travel & Places,place-geographic
Cancer,264B,â™‹,Symbols,zodiac
candle,1F56F,ğŸ•¯,Objects,light & video
candy,1F36C,ğŸ¬,Food & Drink,food-sweet
canned food,1F96B,ğŸ¥«,Food & Drink,food-prepared
canoe,1F6F6,ğŸ›¶,Travel & Places,transport-water
input latin uppercase,1F520,ğŸ” ,Symbols,alphanum
Capricorn,2651,â™‘,Symbols,zodiac
automobile,1F697,ğŸš—,Travel & Places,transport-ground
card file box,1F5C3,ğŸ—ƒ,Objects,office
card index,1F4C7,ğŸ“‡,Objects,office
card index dividers,1F5C2,ğŸ—‚,Objects,office
carousel horse,1F3A0,ğŸ ,Travel & Places,place-other
carrot,1F955,ğŸ¥•,Food & Drink,food-vegetable
person cartwheeling,1F938,ğŸ¤¸,People & Body,person-sport
cat face,1F431,ğŸ±,Animals & Nature,animal-mammal
cat,1F408,ğŸˆ,Animals & Nature,animal-mammal
optical disk,1F4BF,ğŸ’¿,Objects,computer
chains,26D3,â›“,Objects,tool
chair,1FA91,ğŸª‘,Objects,household
bottle with popping cork,1F37E,ğŸ¾,Food & Drink,drink
chart increasing with yen,1F4B9,ğŸ’¹,Objects,money
chart decreasing,1F4C9,ğŸ“‰,Objects,office
chart increasing,1F4C8,ğŸ“ˆ,Objects,office
chequered flag,1F3C1,ğŸ,Flags,flag
cheese wedge,1F9C0,ğŸ§€,Food & Drink,food-prepared
cherries,1F352,ğŸ’,Food & Drink,food-fruit
cherry blossom,1F338,ğŸŒ¸,Animals & Nature,plant-flower
chess pawn,265F,â™Ÿ,Activities,game
chestnut,1F330,ğŸŒ°,Food & Drink,food-vegetable
chicken,1F414,ğŸ”,Animals & Nature,animal-bird
child,1F9D2,ğŸ§’,People & Body,person
children crossing,1F6B8,ğŸš¸,Symbols,warning
chipmunk,1F43F,ğŸ¿,Animals & Nature,animal-mammal
chocolate bar,1F36B,ğŸ«,Food & Drink,food-sweet
chopsticks,1F962,ğŸ¥¢,Food & Drink,dishware
Christmas tree,1F384,ğŸ„,Activities,event
church,26EA,â›ª,Travel & Places,place-religious
cinema,1F3A6,ğŸ¦,Symbols,av-symbol
circus tent,1F3AA,ğŸª,Travel & Places,place-other
sunset,1F307,ğŸŒ‡,Travel & Places,place-other
cityscape at dusk,1F306,ğŸŒ†,Travel & Places,place-other
cityscape,1F3D9,ğŸ™,Travel & Places,place-other
CL button,1F191,ğŸ†‘,Symbols,alphanum
clamp,1F5DC,ğŸ—œ,Objects,tool
clapping hands,1F44F,ğŸ‘,People & Body,hands
clapper board,1F3AC,ğŸ¬,Objects,light & video
classical building,1F3DB,ğŸ›,Travel & Places,place-building
person climbing,1F9D7,ğŸ§—,People & Body,person-activity
person climbing,1F9D7,ğŸ§—,People & Body,person-activity
person climbing,1F9D7,ğŸ§—,People & Body,person-activity
clinking glasses,1F942,ğŸ¥‚,Food & Drink,drink
clipboard,1F4CB,ğŸ“‹,Objects,office
one oâ€™clock,1F550,ğŸ•,Travel & Places,time
ten oâ€™clock,1F559,ğŸ•™,Travel & Places,time
ten-thirty,1F565,ğŸ•¥,Travel & Places,time
eleven oâ€™clock,1F55A,ğŸ•š,Travel & Places,time
eleven-thirty,1F566,ğŸ•¦,Travel & Places,time
twelve oâ€™clock,1F55B,ğŸ•›,Travel & Places,time
twelve-thirty,1F567,ğŸ•§,Travel & Places,time
one-thirty,1F55C,ğŸ•œ,Travel & Places,time
two oâ€™clock,1F551,ğŸ•‘,Travel & Places,time
two-thirty,1F55D,ğŸ•,Travel & Places,time
three oâ€™clock,1F552,ğŸ•’,Travel & Places,time
three-thirty,1F55E,ğŸ•,Travel & Places,time
four oâ€™clock,1F553,ğŸ•“,Travel & Places,time
four-thirty,1F55F,ğŸ•Ÿ,Travel & Places,time
five oâ€™clock,1F554,ğŸ•”,Travel & Places,time
five-thirty,1F560,ğŸ• ,Travel & Places,time
six oâ€™clock,1F555,ğŸ••,Travel & Places,time
six-thirty,1F561,ğŸ•¡,Travel & Places,time
seven oâ€™clock,1F556,ğŸ•–,Travel & Places,time
seven-thirty,1F562,ğŸ•¢,Travel & Places,time
eight oâ€™clock,1F557,ğŸ•—,Travel & Places,time
eight-thirty,1F563,ğŸ•£,Travel & Places,time
nine oâ€™clock,1F558,ğŸ•˜,Travel & Places,time
nine-thirty,1F564,ğŸ•¤,Travel & Places,time
closed book,1F4D5,ğŸ“•,Objects,book-paper
locked with key,1F510,ğŸ”,Objects,lock
closed umbrella,1F302,ğŸŒ‚,Travel & Places,sky & weather
cloud,2601,â˜,Travel & Places,sky & weather
cloud with lightning,1F329,ğŸŒ©,Travel & Places,sky & weather
cloud with lightning and rain,26C8,â›ˆ,Travel & Places,sky & weather
cloud with rain,1F327,ğŸŒ§,Travel & Places,sky & weather
cloud with snow,1F328,ğŸŒ¨,Travel & Places,sky & weather
clown face,1F921,ğŸ¤¡,Smileys & Emotion,face-costume
club suit,2663,â™£,Activities,game
coat,1F9E5,ğŸ§¥,Objects,clothing
cocktail glass,1F378,ğŸ¸,Food & Drink,drink
coconut,1F965,ğŸ¥¥,Food & Drink,food-fruit
hot beverage,2615,â˜•,Food & Drink,drink
coffin,26B0,âš°,Objects,other-object
cold face,1F976,ğŸ¥¶,Smileys & Emotion,face-unwell
anxious face with sweat,1F630,ğŸ˜°,Smileys & Emotion,face-concerned
collision,1F4A5,ğŸ’¥,Smileys & Emotion,emotion
comet,2604,â˜„,Travel & Places,sky & weather
compass,1F9ED,ğŸ§­,Travel & Places,place-map
laptop,1F4BB,ğŸ’»,Objects,computer
computer mouse,1F5B1,ğŸ–±,Objects,computer
confetti ball,1F38A,ğŸŠ,Activities,event
confounded face,1F616,ğŸ˜–,Smileys & Emotion,face-concerned
confused face,1F615,ğŸ˜•,Smileys & Emotion,face-concerned
Japanese â€œcongratulationsâ€ button,3297,ãŠ—,Symbols,alphanum
construction,1F6A7,ğŸš§,Travel & Places,transport-ground
construction worker,1F477,ğŸ‘·,People & Body,person-role
construction worker,1F477,ğŸ‘·,People & Body,person-role
construction worker,1F477,ğŸ‘·,People & Body,person-role
control knobs,1F39B,ğŸ›,Objects,music
convenience store,1F3EA,ğŸª,Travel & Places,place-building
person,1F9D1,ğŸ§‘,People & Body,person
cookie,1F36A,ğŸª,Food & Drink,food-sweet
COOL button,1F192,ğŸ†’,Symbols,alphanum
police officer,1F46E,ğŸ‘®,People & Body,person-role
copyright,00A9,Â©,Symbols,other-symbol
ear of corn,1F33D,ğŸŒ½,Food & Drink,food-vegetable
couch and lamp,1F6CB,ğŸ›‹,Objects,household
woman and man holding hands,1F46B,ğŸ‘«,People & Body,family
couple with heart,1F491,ğŸ’‘,People & Body,family
red heart,2764,â¤,Smileys & Emotion,emotion
red heart,2764,â¤,Smileys & Emotion,emotion
red heart,2764,â¤,Smileys & Emotion,emotion
kiss,1F48F,ğŸ’,People & Body,family
kiss mark,1F48B,ğŸ’‹,Smileys & Emotion,emotion
kiss mark,1F48B,ğŸ’‹,Smileys & Emotion,emotion
kiss mark,1F48B,ğŸ’‹,Smileys & Emotion,emotion
cow face,1F42E,ğŸ®,Animals & Nature,animal-mammal
cow,1F404,ğŸ„,Animals & Nature,animal-mammal
cowboy hat face,1F920,ğŸ¤ ,Smileys & Emotion,face-hat
crab,1F980,ğŸ¦€,Food & Drink,food-marine
crayon,1F58D,ğŸ–,Objects,writing
credit card,1F4B3,ğŸ’³,Objects,money
crescent moon,1F319,ğŸŒ™,Travel & Places,sky & weather
cricket,1F997,ğŸ¦—,Animals & Nature,animal-bug
cricket game,1F3CF,ğŸ,Activities,sport
crocodile,1F40A,ğŸŠ,Animals & Nature,animal-reptile
croissant,1F950,ğŸ¥,Food & Drink,food-prepared
crossed fingers,1F91E,ğŸ¤,People & Body,hand-fingers-partial
crossed flags,1F38C,ğŸŒ,Flags,flag
crossed swords,2694,âš”,Objects,tool
crown,1F451,ğŸ‘‘,Objects,clothing
crying face,1F622,ğŸ˜¢,Smileys & Emotion,face-concerned
crying cat,1F63F,ğŸ˜¿,Smileys & Emotion,cat-face
crystal ball,1F52E,ğŸ”®,Activities,game
cucumber,1F952,ğŸ¥’,Food & Drink,food-vegetable
cup with straw,1F964,ğŸ¥¤,Food & Drink,drink
cupcake,1F9C1,ğŸ§,Food & Drink,food-sweet
heart with arrow,1F498,ğŸ’˜,Smileys & Emotion,emotion
curling stone,1F94C,ğŸ¥Œ,Activities,sport
man,1F468,ğŸ‘¨,People & Body,person
woman,1F469,ğŸ‘©,People & Body,person
curly loop,27B0,â°,Symbols,other-symbol
currency exchange,1F4B1,ğŸ’±,Objects,money
curry rice,1F35B,ğŸ›,Food & Drink,food-asian
face with symbols on mouth,1F92C,ğŸ¤¬,Smileys & Emotion,face-negative
custard,1F36E,ğŸ®,Food & Drink,food-sweet
customs,1F6C3,ğŸ›ƒ,Symbols,transport-sign
cut of meat,1F969,ğŸ¥©,Food & Drink,food-prepared
cyclone,1F300,ğŸŒ€,Travel & Places,sky & weather
dagger,1F5E1,ğŸ—¡,Objects,tool
woman dancing,1F483,ğŸ’ƒ,People & Body,person-activity
people with bunny ears,1F46F,ğŸ‘¯,People & Body,person-activity
people with bunny ears,1F46F,ğŸ‘¯,People & Body,person-activity
people with bunny ears,1F46F,ğŸ‘¯,People & Body,person-activity
dango,1F361,ğŸ¡,Food & Drink,food-asian
sunglasses,1F576,ğŸ•¶,Objects,clothing
direct hit,1F3AF,ğŸ¯,Activities,game
dashing away,1F4A8,ğŸ’¨,Smileys & Emotion,emotion
calendar,1F4C5,ğŸ“…,Objects,office
deaf person,1F9CF,ğŸ§,People & Body,person-gesture
deaf person,1F9CF,ğŸ§,People & Body,person-gesture
deaf person,1F9CF,ğŸ§,People & Body,person-gesture
deciduous tree,1F333,ğŸŒ³,Animals & Nature,plant-other
deer,1F98C,ğŸ¦Œ,Animals & Nature,animal-mammal
department store,1F3EC,ğŸ¬,Travel & Places,place-building
derelict house,1F3DA,ğŸš,Travel & Places,place-building
desert,1F3DC,ğŸœ,Travel & Places,place-geographic
desert island,1F3DD,ğŸ,Travel & Places,place-geographic
desktop computer,1F5A5,ğŸ–¥,Objects,computer
detective,1F575,ğŸ•µ,People & Body,person-role
diamond with a dot,1F4A0,ğŸ’ ,Symbols,geometric
diamond suit,2666,â™¦,Activities,game
disappointed face,1F61E,ğŸ˜,Smileys & Emotion,face-concerned
sad but relieved face,1F625,ğŸ˜¥,Smileys & Emotion,face-concerned
diving mask,1F93F,ğŸ¤¿,Activities,sport
diya lamp,1FA94,ğŸª”,Objects,light & video
dizzy,1F4AB,ğŸ’«,Smileys & Emotion,emotion
dizzy face,1F635,ğŸ˜µ,Smileys & Emotion,face-unwell
dna,1F9EC,ğŸ§¬,Objects,science
no littering,1F6AF,ğŸš¯,Symbols,warning
dog face,1F436,ğŸ¶,Animals & Nature,animal-mammal
dog,1F415,ğŸ•,Animals & Nature,animal-mammal
dollar banknote,1F4B5,ğŸ’µ,Objects,money
Japanese dolls,1F38E,ğŸ,Activities,event
dolphin,1F42C,ğŸ¬,Animals & Nature,animal-marine
door,1F6AA,ğŸšª,Objects,household
doughnut,1F369,ğŸ©,Food & Drink,food-sweet
dove,1F54A,ğŸ•Š,Animals & Nature,animal-bird
dragon,1F409,ğŸ‰,Animals & Nature,animal-reptile
dragon face,1F432,ğŸ²,Animals & Nature,animal-reptile
dress,1F457,ğŸ‘—,Objects,clothing
camel,1F42A,ğŸª,Animals & Nature,animal-mammal
drooling face,1F924,ğŸ¤¤,Smileys & Emotion,face-sleepy
drop of blood,1FA78,ğŸ©¸,Objects,medical
droplet,1F4A7,ğŸ’§,Travel & Places,sky & weather
drum,1F941,ğŸ¥,Objects,musical-instrument
duck,1F986,ğŸ¦†,Animals & Nature,animal-bird
dumpling,1F95F,ğŸ¥Ÿ,Food & Drink,food-asian
dvd,1F4C0,ğŸ“€,Objects,computer
e-mail,1F4E7,ğŸ“§,Objects,mail
eagle,1F985,ğŸ¦…,Animals & Nature,animal-bird
ear,1F442,ğŸ‘‚,People & Body,body-parts
sheaf of rice,1F33E,ğŸŒ¾,Animals & Nature,plant-other
ear with hearing aid,1F9BB,ğŸ¦»,People & Body,body-parts
globe showing Europe-Africa,1F30D,ğŸŒ,Travel & Places,place-map
globe showing Americas,1F30E,ğŸŒ,Travel & Places,place-map
globe showing Asia-Australia,1F30F,ğŸŒ,Travel & Places,place-map
egg,1F95A,ğŸ¥š,Food & Drink,food-prepared
eggplant,1F346,ğŸ†,Food & Drink,food-vegetable
keycap: 8,0038 20E3,8âƒ£,Symbols,keycap
eight-pointed star,2734,âœ´,Symbols,other-symbol
eight-spoked asterisk,2733,âœ³,Symbols,other-symbol
eject button,23CF,â,Symbols,av-symbol
electric plug,1F50C,ğŸ”Œ,Objects,computer
elephant,1F418,ğŸ˜,Animals & Nature,animal-mammal
elf,1F9DD,ğŸ§,People & Body,person-fantasy
elf,1F9DD,ğŸ§,People & Body,person-fantasy
elf,1F9DD,ğŸ§,People & Body,person-fantasy
envelope,2709,âœ‰,Objects,mail
END arrow,1F51A,ğŸ”š,Symbols,arrow
black flag,1F3F4,ğŸ´,Flags,flag
envelope,2709,âœ‰,Objects,mail
envelope with arrow,1F4E9,ğŸ“©,Objects,mail
euro banknote,1F4B6,ğŸ’¶,Objects,money
castle,1F3F0,ğŸ°,Travel & Places,place-building
post office,1F3E4,ğŸ¤,Travel & Places,place-building
evergreen tree,1F332,ğŸŒ²,Animals & Nature,plant-other
exclamation mark,2757,â—,Symbols,other-symbol
exploding head,1F92F,ğŸ¤¯,Smileys & Emotion,face-unwell
expressionless face,1F611,ğŸ˜‘,Smileys & Emotion,face-neutral-skeptical
eye,1F441,ğŸ‘,People & Body,body-parts
left speech bubble,1F5E8,ğŸ—¨,Smileys & Emotion,emotion
glasses,1F453,ğŸ‘“,Objects,clothing
eyes,1F440,ğŸ‘€,People & Body,body-parts
face with head-bandage,1F915,ğŸ¤•,Smileys & Emotion,face-unwell
face with thermometer,1F912,ğŸ¤’,Smileys & Emotion,face-unwell
person facepalming,1F926,ğŸ¤¦,People & Body,person-gesture
oncoming fist,1F44A,ğŸ‘Š,People & Body,hand-fingers-closed
factory,1F3ED,ğŸ­,Travel & Places,place-building
person,1F9D1,ğŸ§‘,People & Body,person
fairy,1F9DA,ğŸ§š,People & Body,person-fantasy
fairy,1F9DA,ğŸ§š,People & Body,person-fantasy
fairy,1F9DA,ğŸ§š,People & Body,person-fantasy
falafel,1F9C6,ğŸ§†,Food & Drink,food-prepared
fallen leaf,1F342,ğŸ‚,Animals & Nature,plant-other
family,1F46A,ğŸ‘ª,People & Body,family
boy,1F466,ğŸ‘¦,People & Body,person
boy,1F466,ğŸ‘¦,People & Body,person
girl,1F467,ğŸ‘§,People & Body,person
boy,1F466,ğŸ‘¦,People & Body,person
girl,1F467,ğŸ‘§,People & Body,person
boy,1F466,ğŸ‘¦,People & Body,person
boy,1F466,ğŸ‘¦,People & Body,person
girl,1F467,ğŸ‘§,People & Body,person
boy,1F466,ğŸ‘¦,People & Body,person
girl,1F467,ğŸ‘§,People & Body,person
boy,1F466,ğŸ‘¦,People & Body,person
boy,1F466,ğŸ‘¦,People & Body,person
girl,1F467,ğŸ‘§,People & Body,person
boy,1F466,ğŸ‘¦,People & Body,person
girl,1F467,ğŸ‘§,People & Body,person
boy,1F466,ğŸ‘¦,People & Body,person
boy,1F466,ğŸ‘¦,People & Body,person
girl,1F467,ğŸ‘§,People & Body,person
boy,1F466,ğŸ‘¦,People & Body,person
girl,1F467,ğŸ‘§,People & Body,person
boy,1F466,ğŸ‘¦,People & Body,person
boy,1F466,ğŸ‘¦,People & Body,person
girl,1F467,ğŸ‘§,People & Body,person
boy,1F466,ğŸ‘¦,People & Body,person
girl,1F467,ğŸ‘§,People & Body,person
person,1F9D1,ğŸ§‘,People & Body,person
fast-forward button,23E9,â©,Symbols,av-symbol
fax machine,1F4E0,ğŸ“ ,Objects,phone
fearful face,1F628,ğŸ˜¨,Smileys & Emotion,face-concerned
paw prints,1F43E,ğŸ¾,Animals & Nature,animal-mammal
detective,1F575,ğŸ•µ,People & Body,person-role
female sign,2640,â™€,Symbols,gender
ferris wheel,1F3A1,ğŸ¡,Travel & Places,place-other
ferry,26F4,â›´,Travel & Places,transport-water
field hockey,1F3D1,ğŸ‘,Activities,sport
file cabinet,1F5C4,ğŸ—„,Objects,office
file folder,1F4C1,ğŸ“,Objects,office
film projector,1F4FD,ğŸ“½,Objects,light & video
film frames,1F39E,ğŸ,Objects,light & video
fire,1F525,ğŸ”¥,Travel & Places,sky & weather
fire engine,1F692,ğŸš’,Travel & Places,transport-ground
fire extinguisher,1F9EF,ğŸ§¯,Objects,household
firecracker,1F9E8,ğŸ§¨,Activities,event
person,1F9D1,ğŸ§‘,People & Body,person
fireworks,1F386,ğŸ†,Activities,event
first quarter moon,1F313,ğŸŒ“,Travel & Places,sky & weather
first quarter moon face,1F31B,ğŸŒ›,Travel & Places,sky & weather
fish,1F41F,ğŸŸ,Animals & Nature,animal-marine
fish cake with swirl,1F365,ğŸ¥,Food & Drink,food-asian
fishing pole,1F3A3,ğŸ£,Activities,sport
raised fist,270A,âœŠ,People & Body,hand-fingers-closed
left-facing fist,1F91B,ğŸ¤›,People & Body,hand-fingers-closed
oncoming fist,1F44A,ğŸ‘Š,People & Body,hand-fingers-closed
raised fist,270A,âœŠ,People & Body,hand-fingers-closed
right-facing fist,1F91C,ğŸ¤œ,People & Body,hand-fingers-closed
keycap: 5,0035 20E3,5âƒ£,Symbols,keycap
carp streamer,1F38F,ğŸ,Activities,event
flamingo,1F9A9,ğŸ¦©,Animals & Nature,animal-bird
flashlight,1F526,ğŸ”¦,Objects,light & video
flat shoe,1F97F,ğŸ¥¿,Objects,clothing
fleur-de-lis,269C,âšœ,Symbols,other-symbol
airplane arrival,1F6EC,ğŸ›¬,Travel & Places,transport-air
airplane departure,1F6EB,ğŸ›«,Travel & Places,transport-air
dolphin,1F42C,ğŸ¬,Animals & Nature,animal-marine
floppy disk,1F4BE,ğŸ’¾,Objects,computer
flower playing cards,1F3B4,ğŸ´,Activities,game
flushed face,1F633,ğŸ˜³,Smileys & Emotion,face-concerned
flying disc,1F94F,ğŸ¥,Activities,sport
flying saucer,1F6F8,ğŸ›¸,Travel & Places,transport-air
fog,1F32B,ğŸŒ«,Travel & Places,sky & weather
foggy,1F301,ğŸŒ,Travel & Places,place-other
foot,1F9B6,ğŸ¦¶,People & Body,body-parts
american football,1F3C8,ğŸˆ,Activities,sport
footprints,1F463,ğŸ‘£,People & Body,person-symbol
fork and knife,1F374,ğŸ´,Food & Drink,dishware
fortune cookie,1F960,ğŸ¥ ,Food & Drink,food-asian
fountain,26F2,â›²,Travel & Places,place-other
fountain pen,1F58B,ğŸ–‹,Objects,writing
keycap: 4,0034 20E3,4âƒ£,Symbols,keycap
four leaf clover,1F340,ğŸ€,Animals & Nature,plant-other
fox,1F98A,ğŸ¦Š,Animals & Nature,animal-mammal
framed picture,1F5BC,ğŸ–¼,Activities,arts & crafts
FREE button,1F193,ğŸ†“,Symbols,alphanum
cooking,1F373,ğŸ³,Food & Drink,food-prepared
fried shrimp,1F364,ğŸ¤,Food & Drink,food-asian
french fries,1F35F,ğŸŸ,Food & Drink,food-prepared
frog,1F438,ğŸ¸,Animals & Nature,animal-amphibian
frowning face with open mouth,1F626,ğŸ˜¦,Smileys & Emotion,face-concerned
frowning face,2639,â˜¹,Smileys & Emotion,face-concerned
person frowning,1F64D,ğŸ™,People & Body,person-gesture
person frowning,1F64D,ğŸ™,People & Body,person-gesture
person frowning,1F64D,ğŸ™,People & Body,person-gesture
middle finger,1F595,ğŸ–•,People & Body,hand-single-finger
fuel pump,26FD,â›½,Travel & Places,transport-ground
full moon,1F315,ğŸŒ•,Travel & Places,sky & weather
full moon face,1F31D,ğŸŒ,Travel & Places,sky & weather
funeral urn,26B1,âš±,Objects,other-object
game die,1F3B2,ğŸ²,Activities,game
garlic,1F9C4,ğŸ§„,Food & Drink,food-vegetable
gear,2699,âš™,Objects,tool
gem stone,1F48E,ğŸ’,Objects,clothing
Gemini,264A,â™Š,Symbols,zodiac
genie,1F9DE,ğŸ§,People & Body,person-fantasy
genie,1F9DE,ğŸ§,People & Body,person-fantasy
genie,1F9DE,ğŸ§,People & Body,person-fantasy
ghost,1F47B,ğŸ‘»,Smileys & Emotion,face-costume
wrapped gift,1F381,ğŸ,Activities,event
heart with ribbon,1F49D,ğŸ’,Smileys & Emotion,emotion
giraffe,1F992,ğŸ¦’,Animals & Nature,animal-mammal
girl,1F467,ğŸ‘§,People & Body,person
globe with meridians,1F310,ğŸŒ,Travel & Places,place-map
gloves,1F9E4,ğŸ§¤,Objects,clothing
goal net,1F945,ğŸ¥…,Activities,sport
goat,1F410,ğŸ,Animals & Nature,animal-mammal
goggles,1F97D,ğŸ¥½,Objects,clothing
flag in hole,26F3,â›³,Activities,sport
person golfing,1F3CC,ğŸŒ,People & Body,person-sport
person golfing,1F3CC,ğŸŒ,People & Body,person-sport
person golfing,1F3CC,ğŸŒ,People & Body,person-sport
gorilla,1F98D,ğŸ¦,Animals & Nature,animal-mammal
grapes,1F347,ğŸ‡,Food & Drink,food-fruit
green apple,1F34F,ğŸ,Food & Drink,food-fruit
green book,1F4D7,ğŸ“—,Objects,book-paper
green circle,1F7E2,ğŸŸ¢,Symbols,geometric
green heart,1F49A,ğŸ’š,Smileys & Emotion,emotion
green salad,1F957,ğŸ¥—,Food & Drink,food-prepared
green square,1F7E9,ğŸŸ©,Symbols,geometric
white exclamation mark,2755,â•,Symbols,other-symbol
white question mark,2754,â”,Symbols,other-symbol
grimacing face,1F62C,ğŸ˜¬,Smileys & Emotion,face-neutral-skeptical
beaming face with smiling eyes,1F601,ğŸ˜,Smileys & Emotion,face-smiling
grinning face,1F600,ğŸ˜€,Smileys & Emotion,face-smiling
guard,1F482,ğŸ’‚,People & Body,person-role
guard,1F482,ğŸ’‚,People & Body,person-role
guard,1F482,ğŸ’‚,People & Body,person-role
guide dog,1F9AE,ğŸ¦®,Animals & Nature,animal-mammal
guitar,1F3B8,ğŸ¸,Objects,musical-instrument
pistol,1F52B,ğŸ”«,Objects,tool
person getting haircut,1F487,ğŸ’‡,People & Body,person-activity
person getting haircut,1F487,ğŸ’‡,People & Body,person-activity
person getting haircut,1F487,ğŸ’‡,People & Body,person-activity
hamburger,1F354,ğŸ”,Food & Drink,food-prepared
hammer,1F528,ğŸ”¨,Objects,tool
hammer and pick,2692,âš’,Objects,tool
hammer and wrench,1F6E0,ğŸ› ,Objects,tool
hamster,1F439,ğŸ¹,Animals & Nature,animal-mammal
raised hand,270B,âœ‹,People & Body,hand-fingers-open
face with hand over mouth,1F92D,ğŸ¤­,Smileys & Emotion,face-hand
handbag,1F45C,ğŸ‘œ,Objects,clothing
person playing handball,1F93E,ğŸ¤¾,People & Body,person-sport
handshake,1F91D,ğŸ¤,People & Body,hands
pile of poo,1F4A9,ğŸ’©,Smileys & Emotion,face-costume
keycap: #,0023 20E3,#âƒ£,Symbols,keycap
front-facing baby chick,1F425,ğŸ¥,Animals & Nature,animal-bird
hatching chick,1F423,ğŸ£,Animals & Nature,animal-bird
headphone,1F3A7,ğŸ§,Objects,music
person,1F9D1,ğŸ§‘,People & Body,person
hear-no-evil monkey,1F649,ğŸ™‰,Smileys & Emotion,monkey-face
red heart,2764,â¤,Smileys & Emotion,emotion
heart decoration,1F49F,ğŸ’Ÿ,Smileys & Emotion,emotion
smiling face with heart-eyes,1F60D,ğŸ˜,Smileys & Emotion,face-affection
smiling cat with heart-eyes,1F63B,ğŸ˜»,Smileys & Emotion,cat-face
beating heart,1F493,ğŸ’“,Smileys & Emotion,emotion
growing heart,1F497,ğŸ’—,Smileys & Emotion,emotion
heart suit,2665,â™¥,Activities,game
check mark,2714,âœ”,Symbols,other-symbol
division sign,2797,â—,Symbols,other-symbol
heavy dollar sign,1F4B2,ğŸ’²,Objects,money
exclamation mark,2757,â—,Symbols,other-symbol
heart exclamation,2763,â£,Smileys & Emotion,emotion
minus sign,2796,â–,Symbols,other-symbol
multiplication sign,2716,âœ–,Symbols,other-symbol
plus sign,2795,â•,Symbols,other-symbol
hedgehog,1F994,ğŸ¦”,Animals & Nature,animal-mammal
helicopter,1F681,ğŸš,Travel & Places,transport-air
herb,1F33F,ğŸŒ¿,Animals & Nature,plant-other
hibiscus,1F33A,ğŸŒº,Animals & Nature,plant-flower
bright button,1F506,ğŸ”†,Symbols,av-symbol
high-heeled shoe,1F460,ğŸ‘ ,Objects,clothing
hiking boot,1F97E,ğŸ¥¾,Objects,clothing
hindu temple,1F6D5,ğŸ›•,Travel & Places,place-religious
hippopotamus,1F99B,ğŸ¦›,Animals & Nature,animal-mammal
kitchen knife,1F52A,ğŸ”ª,Food & Drink,dishware
hole,1F573,ğŸ•³,Smileys & Emotion,emotion
honey pot,1F36F,ğŸ¯,Food & Drink,food-sweet
honeybee,1F41D,ğŸ,Animals & Nature,animal-bug
horse face,1F434,ğŸ´,Animals & Nature,animal-mammal
horse racing,1F3C7,ğŸ‡,People & Body,person-sport
hospital,1F3E5,ğŸ¥,Travel & Places,place-building
hot face,1F975,ğŸ¥µ,Smileys & Emotion,face-unwell
hot pepper,1F336,ğŸŒ¶,Food & Drink,food-vegetable
hot dog,1F32D,ğŸŒ­,Food & Drink,food-prepared
hotel,1F3E8,ğŸ¨,Travel & Places,place-building
hot springs,2668,â™¨,Travel & Places,place-other
hourglass done,231B,âŒ›,Travel & Places,time
hourglass not done,23F3,â³,Travel & Places,time
house,1F3E0,ğŸ ,Travel & Places,place-building
house with garden,1F3E1,ğŸ¡,Travel & Places,place-building
houses,1F3D8,ğŸ˜,Travel & Places,place-building
hugging face,1F917,ğŸ¤—,Smileys & Emotion,face-hand
hushed face,1F62F,ğŸ˜¯,Smileys & Emotion,face-concerned
ice cream,1F368,ğŸ¨,Food & Drink,food-sweet
ice,1F9CA,ğŸ§Š,Food & Drink,drink
ice hockey,1F3D2,ğŸ’,Activities,sport
ice skate,26F8,â›¸,Activities,sport
soft ice cream,1F366,ğŸ¦,Food & Drink,food-sweet
ID button,1F194,ğŸ†”,Symbols,alphanum
Japanese â€œbargainâ€ button,1F250,ğŸ‰,Symbols,alphanum
angry face with horns,1F47F,ğŸ‘¿,Smileys & Emotion,face-negative
inbox tray,1F4E5,ğŸ“¥,Objects,mail
incoming envelope,1F4E8,ğŸ“¨,Objects,mail
infinity,267E,â™¾,Symbols,other-symbol
person tipping hand,1F481,ğŸ’,People & Body,person-gesture
information,2139,â„¹,Symbols,alphanum
smiling face with halo,1F607,ğŸ˜‡,Smileys & Emotion,face-smiling
exclamation question mark,2049,â‰,Symbols,other-symbol
mobile phone,1F4F1,ğŸ“±,Objects,phone
red paper lantern,1F3EE,ğŸ®,Objects,light & video
jack-o-lantern,1F383,ğŸƒ,Activities,event
map of Japan,1F5FE,ğŸ—¾,Travel & Places,place-map
Japanese castle,1F3EF,ğŸ¯,Travel & Places,place-building
goblin,1F47A,ğŸ‘º,Smileys & Emotion,face-costume
ogre,1F479,ğŸ‘¹,Smileys & Emotion,face-costume
jeans,1F456,ğŸ‘–,Objects,clothing
puzzle piece,1F9E9,ğŸ§©,Activities,game
face with tears of joy,1F602,ğŸ˜‚,Smileys & Emotion,face-smiling
cat with tears of joy,1F639,ğŸ˜¹,Smileys & Emotion,cat-face
joystick,1F579,ğŸ•¹,Activities,game
person,1F9D1,ğŸ§‘,People & Body,person
person juggling,1F939,ğŸ¤¹,People & Body,person-sport
kaaba,1F54B,ğŸ•‹,Travel & Places,place-religious
kangaroo,1F998,ğŸ¦˜,Animals & Nature,animal-mammal
key,1F511,ğŸ”‘,Objects,lock
keyboard,2328,âŒ¨,Objects,computer
keycap: 10,1F51F,ğŸ”Ÿ,Symbols,keycap
kick scooter,1F6F4,ğŸ›´,Travel & Places,transport-ground
kimono,1F458,ğŸ‘˜,Objects,clothing
kiss mark,1F48B,ğŸ’‹,Smileys & Emotion,emotion
kissing face,1F617,ğŸ˜—,Smileys & Emotion,face-affection
kissing cat,1F63D,ğŸ˜½,Smileys & Emotion,cat-face
kissing face with closed eyes,1F61A,ğŸ˜š,Smileys & Emotion,face-affection
face blowing a kiss,1F618,ğŸ˜˜,Smileys & Emotion,face-affection
kissing face with smiling eyes,1F619,ğŸ˜™,Smileys & Emotion,face-affection
kite,1FA81,ğŸª,Activities,game
kiwi fruit,1F95D,ğŸ¥,Food & Drink,food-fruit
person kneeling,1F9CE,ğŸ§,People & Body,person-activity
person kneeling,1F9CE,ğŸ§,People & Body,person-activity
person kneeling,1F9CE,ğŸ§,People & Body,person-activity
kitchen knife,1F52A,ğŸ”ª,Food & Drink,dishware
koala,1F428,ğŸ¨,Animals & Nature,animal-mammal
Japanese â€œhereâ€ button,1F201,ğŸˆ,Symbols,alphanum
lab coat,1F97C,ğŸ¥¼,Objects,clothing
label,1F3F7,ğŸ·,Objects,book-paper
lacrosse,1F94D,ğŸ¥,Activities,sport
red paper lantern,1F3EE,ğŸ®,Objects,light & video
blue circle,1F535,ğŸ”µ,Symbols,geometric
large blue diamond,1F537,ğŸ”·,Symbols,geometric
large orange diamond,1F536,ğŸ”¶,Symbols,geometric
last quarter moon,1F317,ğŸŒ—,Travel & Places,sky & weather
last quarter moon face,1F31C,ğŸŒœ,Travel & Places,sky & weather
latin cross,271D,âœ,Symbols,religion
grinning squinting face,1F606,ğŸ˜†,Smileys & Emotion,face-smiling
leafy green,1F96C,ğŸ¥¬,Food & Drink,food-vegetable
leaf fluttering in wind,1F343,ğŸƒ,Animals & Nature,plant-other
ledger,1F4D2,ğŸ“’,Objects,book-paper
left luggage,1F6C5,ğŸ›…,Symbols,transport-sign
left-right arrow,2194,â†”,Symbols,arrow
left speech bubble,1F5E8,ğŸ—¨,Smileys & Emotion,emotion
right arrow curving left,21A9,â†©,Symbols,arrow
leg,1F9B5,ğŸ¦µ,People & Body,body-parts
lemon,1F34B,ğŸ‹,Food & Drink,food-fruit
Leo,264C,â™Œ,Symbols,zodiac
leopard,1F406,ğŸ†,Animals & Nature,animal-mammal
level slider,1F39A,ğŸš,Objects,music
Libra,264E,â™,Symbols,zodiac
light rail,1F688,ğŸšˆ,Travel & Places,transport-ground
link,1F517,ğŸ”—,Objects,tool
lion,1F981,ğŸ¦,Animals & Nature,animal-mammal
mouth,1F444,ğŸ‘„,People & Body,body-parts
lipstick,1F484,ğŸ’„,Objects,clothing
lizard,1F98E,ğŸ¦,Animals & Nature,animal-reptile
llama,1F999,ğŸ¦™,Animals & Nature,animal-mammal
lobster,1F99E,ğŸ¦,Food & Drink,food-marine
locked,1F512,ğŸ”’,Objects,lock
locked with pen,1F50F,ğŸ”,Objects,lock
lollipop,1F36D,ğŸ­,Food & Drink,food-sweet
double curly loop,27BF,â¿,Symbols,other-symbol
lotion bottle,1F9F4,ğŸ§´,Objects,household
person in lotus position,1F9D8,ğŸ§˜,People & Body,person-resting
person in lotus position,1F9D8,ğŸ§˜,People & Body,person-resting
person in lotus position,1F9D8,ğŸ§˜,People & Body,person-resting
speaker high volume,1F50A,ğŸ”Š,Objects,sound
loudspeaker,1F4E2,ğŸ“¢,Objects,sound
love hotel,1F3E9,ğŸ©,Travel & Places,place-building
love letter,1F48C,ğŸ’Œ,Smileys & Emotion,emotion
love-you gesture,1F91F,ğŸ¤Ÿ,People & Body,hand-fingers-partial
dim button,1F505,ğŸ”…,Symbols,av-symbol
luggage,1F9F3,ğŸ§³,Travel & Places,hotel
lying face,1F925,ğŸ¤¥,Smileys & Emotion,face-neutral-skeptical
circled M,24C2,â“‚,Symbols,alphanum
magnifying glass tilted left,1F50D,ğŸ”,Objects,light & video
magnifying glass tilted right,1F50E,ğŸ”,Objects,light & video
mage,1F9D9,ğŸ§™,People & Body,person-fantasy
mage,1F9D9,ğŸ§™,People & Body,person-fantasy
mage,1F9D9,ğŸ§™,People & Body,person-fantasy
magnet,1F9F2,ğŸ§²,Objects,tool
mahjong red dragon,1F004,ğŸ€„,Activities,game
closed mailbox with raised flag,1F4EB,ğŸ“«,Objects,mail
closed mailbox with lowered flag,1F4EA,ğŸ“ª,Objects,mail
open mailbox with raised flag,1F4EC,ğŸ“¬,Objects,mail
open mailbox with lowered flag,1F4ED,ğŸ“­,Objects,mail
detective,1F575,ğŸ•µ,People & Body,person-role
male sign,2642,â™‚,Symbols,gender
man,1F468,ğŸ‘¨,People & Body,person
man,1F468,ğŸ‘¨,People & Body,person
man,1F468,ğŸ‘¨,People & Body,person
person cartwheeling,1F938,ğŸ¤¸,People & Body,person-sport
man,1F468,ğŸ‘¨,People & Body,person
man dancing,1F57A,ğŸ•º,People & Body,person-activity
person facepalming,1F926,ğŸ¤¦,People & Body,person-gesture
man,1F468,ğŸ‘¨,People & Body,person
man,1F468,ğŸ‘¨,People & Body,person
man,1F468,ğŸ‘¨,People & Body,person
man,1F468,ğŸ‘¨,People & Body,person
man,1F468,ğŸ‘¨,People & Body,person
man,1F468,ğŸ‘¨,People & Body,person
man in tuxedo,1F935,ğŸ¤µ,People & Body,person-role
man,1F468,ğŸ‘¨,People & Body,person
person juggling,1F939,ğŸ¤¹,People & Body,person-sport
man,1F468,ğŸ‘¨,People & Body,person
man,1F468,ğŸ‘¨,People & Body,person
man,1F468,ğŸ‘¨,People & Body,person
person playing handball,1F93E,ğŸ¤¾,People & Body,person-sport
person playing water polo,1F93D,ğŸ¤½,People & Body,person-sport
man,1F468,ğŸ‘¨,People & Body,person
person shrugging,1F937,ğŸ¤·,People & Body,person-gesture
man,1F468,ğŸ‘¨,People & Body,person
man,1F468,ğŸ‘¨,People & Body,person
man,1F468,ğŸ‘¨,People & Body,person
man,1F468,ğŸ‘¨,People & Body,person
man with skullcap,1F472,ğŸ‘²,People & Body,person-role
man,1F468,ğŸ‘¨,People & Body,person
person wearing turban,1F473,ğŸ‘³,People & Body,person-role
tangerine,1F34A,ğŸŠ,Food & Drink,food-fruit
mango,1F96D,ğŸ¥­,Food & Drink,food-fruit
manâ€™s shoe,1F45E,ğŸ‘,Objects,clothing
mantelpiece clock,1F570,ğŸ•°,Travel & Places,time
manual wheelchair,1F9BD,ğŸ¦½,Travel & Places,transport-ground
maple leaf,1F341,ğŸ,Animals & Nature,plant-other
martial arts uniform,1F94B,ğŸ¥‹,Activities,sport
face with medical mask,1F637,ğŸ˜·,Smileys & Emotion,face-unwell
person getting massage,1F486,ğŸ’†,People & Body,person-activity
person getting massage,1F486,ğŸ’†,People & Body,person-activity
person getting massage,1F486,ğŸ’†,People & Body,person-activity
mate,1F9C9,ğŸ§‰,Food & Drink,drink
meat on bone,1F356,ğŸ–,Food & Drink,food-prepared
person,1F9D1,ğŸ§‘,People & Body,person
mechanical arm,1F9BE,ğŸ¦¾,People & Body,body-parts
mechanical leg,1F9BF,ğŸ¦¿,People & Body,body-parts
military medal,1F396,ğŸ–,Activities,award-medal
sports medal,1F3C5,ğŸ…,Activities,award-medal
medical symbol,2695,âš•,Symbols,other-symbol
megaphone,1F4E3,ğŸ“£,Objects,sound
melon,1F348,ğŸˆ,Food & Drink,food-fruit
memo,1F4DD,ğŸ“,Objects,writing
people wrestling,1F93C,ğŸ¤¼,People & Body,person-sport
menorah,1F54E,ğŸ•,Symbols,religion
menâ€™s room,1F6B9,ğŸš¹,Symbols,transport-sign
merperson,1F9DC,ğŸ§œ,People & Body,person-fantasy
merperson,1F9DC,ğŸ§œ,People & Body,person-fantasy
merperson,1F9DC,ğŸ§œ,People & Body,person-fantasy
sign of the horns,1F918,ğŸ¤˜,People & Body,hand-fingers-partial
metro,1F687,ğŸš‡,Travel & Places,transport-ground
microbe,1F9A0,ğŸ¦ ,Animals & Nature,animal-bug
microphone,1F3A4,ğŸ¤,Objects,music
microscope,1F52C,ğŸ”¬,Objects,science
middle finger,1F595,ğŸ–•,People & Body,hand-single-finger
glass of milk,1F95B,ğŸ¥›,Food & Drink,drink
milky way,1F30C,ğŸŒŒ,Travel & Places,sky & weather
minibus,1F690,ğŸš,Travel & Places,transport-ground
computer disk,1F4BD,ğŸ’½,Objects,computer
mobile phone off,1F4F4,ğŸ“´,Symbols,av-symbol
money-mouth face,1F911,ğŸ¤‘,Smileys & Emotion,face-tongue
money with wings,1F4B8,ğŸ’¸,Objects,money
money bag,1F4B0,ğŸ’°,Objects,money
monkey,1F412,ğŸ’,Animals & Nature,animal-mammal
monkey face,1F435,ğŸµ,Animals & Nature,animal-mammal
face with monocle,1F9D0,ğŸ§,Smileys & Emotion,face-glasses
monorail,1F69D,ğŸš,Travel & Places,transport-ground
waxing gibbous moon,1F314,ğŸŒ”,Travel & Places,sky & weather
moon cake,1F96E,ğŸ¥®,Food & Drink,food-asian
graduation cap,1F393,ğŸ“,Objects,clothing
mosque,1F54C,ğŸ•Œ,Travel & Places,place-religious
mosquito,1F99F,ğŸ¦Ÿ,Animals & Nature,animal-bug
motor boat,1F6E5,ğŸ›¥,Travel & Places,transport-water
motor scooter,1F6F5,ğŸ›µ,Travel & Places,transport-ground
motorcycle,1F3CD,ğŸ,Travel & Places,transport-ground
motorized wheelchair,1F9BC,ğŸ¦¼,Travel & Places,transport-ground
motorway,1F6E3,ğŸ›£,Travel & Places,transport-ground
mount fuji,1F5FB,ğŸ—»,Travel & Places,place-geographic
mountain,26F0,â›°,Travel & Places,place-geographic
person mountain biking,1F6B5,ğŸšµ,People & Body,person-sport
person mountain biking,1F6B5,ğŸšµ,People & Body,person-sport
person mountain biking,1F6B5,ğŸšµ,People & Body,person-sport
mountain cableway,1F6A0,ğŸš ,Travel & Places,transport-air
mountain railway,1F69E,ğŸš,Travel & Places,transport-ground
snow-capped mountain,1F3D4,ğŸ”,Travel & Places,place-geographic
mouse face,1F42D,ğŸ­,Animals & Nature,animal-mammal
mouse,1F401,ğŸ,Animals & Nature,animal-mammal
movie camera,1F3A5,ğŸ¥,Objects,light & video
moai,1F5FF,ğŸ—¿,Objects,other-object
Mrs. Claus,1F936,ğŸ¤¶,People & Body,person-fantasy
flexed biceps,1F4AA,ğŸ’ª,People & Body,body-parts
mushroom,1F344,ğŸ„,Food & Drink,food-vegetable
musical keyboard,1F3B9,ğŸ¹,Objects,musical-instrument
musical note,1F3B5,ğŸµ,Objects,music
musical score,1F3BC,ğŸ¼,Objects,music
muted speaker,1F507,ğŸ”‡,Objects,sound
nail polish,1F485,ğŸ’…,People & Body,hand-prop
name badge,1F4DB,ğŸ“›,Symbols,other-symbol
national park,1F3DE,ğŸ,Travel & Places,place-geographic
nauseated face,1F922,ğŸ¤¢,Smileys & Emotion,face-unwell
nazar amulet,1F9FF,ğŸ§¿,Activities,game
necktie,1F454,ğŸ‘”,Objects,clothing
cross mark button,274E,â,Symbols,other-symbol
nerd face,1F913,ğŸ¤“,Smileys & Emotion,face-glasses
neutral face,1F610,ğŸ˜,Smileys & Emotion,face-neutral-skeptical
NEW button,1F195,ğŸ†•,Symbols,alphanum
new moon,1F311,ğŸŒ‘,Travel & Places,sky & weather
new moon face,1F31A,ğŸŒš,Travel & Places,sky & weather
newspaper,1F4F0,ğŸ“°,Objects,book-paper
rolled-up newspaper,1F5DE,ğŸ—,Objects,book-paper
next track button,23ED,â­,Symbols,av-symbol
NG button,1F196,ğŸ†–,Symbols,alphanum
person gesturing NO,1F645,ğŸ™…,People & Body,person-gesture
person gesturing NO,1F645,ğŸ™…,People & Body,person-gesture
night with stars,1F303,ğŸŒƒ,Travel & Places,place-other
keycap: 9,0039 20E3,9âƒ£,Symbols,keycap
bell with slash,1F515,ğŸ”•,Objects,sound
no bicycles,1F6B3,ğŸš³,Symbols,warning
no entry,26D4,â›”,Symbols,warning
prohibited,1F6AB,ğŸš«,Symbols,warning
person gesturing NO,1F645,ğŸ™…,People & Body,person-gesture
person gesturing NO,1F645,ğŸ™…,People & Body,person-gesture
person gesturing NO,1F645,ğŸ™…,People & Body,person-gesture
no mobile phones,1F4F5,ğŸ“µ,Symbols,warning
face without mouth,1F636,ğŸ˜¶,Smileys & Emotion,face-neutral-skeptical
no pedestrians,1F6B7,ğŸš·,Symbols,warning
no smoking,1F6AD,ğŸš­,Symbols,warning
non-potable water,1F6B1,ğŸš±,Symbols,warning
nose,1F443,ğŸ‘ƒ,People & Body,body-parts
notebook,1F4D3,ğŸ““,Objects,book-paper
notebook with decorative cover,1F4D4,ğŸ“”,Objects,book-paper
musical notes,1F3B6,ğŸ¶,Objects,music
nut and bolt,1F529,ğŸ”©,Objects,tool
hollow red circle,2B55,â­•,Symbols,other-symbol
O button (blood type),1F17E,ğŸ…¾,Symbols,alphanum
water wave,1F30A,ğŸŒŠ,Travel & Places,sky & weather
octopus,1F419,ğŸ™,Animals & Nature,animal-marine
oden,1F362,ğŸ¢,Food & Drink,food-asian
office building,1F3E2,ğŸ¢,Travel & Places,place-building
person,1F9D1,ğŸ§‘,People & Body,person
oil drum,1F6E2,ğŸ›¢,Travel & Places,transport-ground
OK button,1F197,ğŸ†—,Symbols,alphanum
OK hand,1F44C,ğŸ‘Œ,People & Body,hand-fingers-partial
person gesturing OK,1F646,ğŸ™†,People & Body,person-gesture
person gesturing OK,1F646,ğŸ™†,People & Body,person-gesture
person gesturing OK,1F646,ğŸ™†,People & Body,person-gesture
old key,1F5DD,ğŸ—,Objects,lock
older person,1F9D3,ğŸ§“,People & Body,person
old man,1F474,ğŸ‘´,People & Body,person
old woman,1F475,ğŸ‘µ,People & Body,person
om,1F549,ğŸ•‰,Symbols,religion
ON! arrow,1F51B,ğŸ”›,Symbols,arrow
oncoming automobile,1F698,ğŸš˜,Travel & Places,transport-ground
oncoming bus,1F68D,ğŸš,Travel & Places,transport-ground
oncoming police car,1F694,ğŸš”,Travel & Places,transport-ground
oncoming taxi,1F696,ğŸš–,Travel & Places,transport-ground
keycap: 1,0031 20E3,1âƒ£,Symbols,keycap
one-piece swimsuit,1FA71,ğŸ©±,Objects,clothing
onion,1F9C5,ğŸ§…,Food & Drink,food-vegetable
open book,1F4D6,ğŸ“–,Objects,book-paper
open file folder,1F4C2,ğŸ“‚,Objects,office
open hands,1F450,ğŸ‘,People & Body,hands
face with open mouth,1F62E,ğŸ˜®,Smileys & Emotion,face-concerned
umbrella,2602,â˜‚,Travel & Places,sky & weather
Ophiuchus,26CE,â›,Symbols,zodiac
tangerine,1F34A,ğŸŠ,Food & Drink,food-fruit
orange book,1F4D9,ğŸ“™,Objects,book-paper
orange circle,1F7E0,ğŸŸ ,Symbols,geometric
orange heart,1F9E1,ğŸ§¡,Smileys & Emotion,emotion
orange square,1F7E7,ğŸŸ§,Symbols,geometric
orangutan,1F9A7,ğŸ¦§,Animals & Nature,animal-mammal
orthodox cross,2626,â˜¦,Symbols,religion
otter,1F9A6,ğŸ¦¦,Animals & Nature,animal-mammal
outbox tray,1F4E4,ğŸ“¤,Objects,mail
owl,1F989,ğŸ¦‰,Animals & Nature,animal-bird
ox,1F402,ğŸ‚,Animals & Nature,animal-mammal
oyster,1F9AA,ğŸ¦ª,Food & Drink,food-marine
package,1F4E6,ğŸ“¦,Objects,mail
page facing up,1F4C4,ğŸ“„,Objects,book-paper
page with curl,1F4C3,ğŸ“ƒ,Objects,book-paper
pager,1F4DF,ğŸ“Ÿ,Objects,phone
paintbrush,1F58C,ğŸ–Œ,Objects,writing
palm tree,1F334,ğŸŒ´,Animals & Nature,plant-other
palms up together,1F932,ğŸ¤²,People & Body,hands
pancakes,1F95E,ğŸ¥,Food & Drink,food-prepared
panda,1F43C,ğŸ¼,Animals & Nature,animal-mammal
paperclip,1F4CE,ğŸ“,Objects,office
linked paperclips,1F587,ğŸ–‡,Objects,office
parachute,1FA82,ğŸª‚,Travel & Places,transport-air
umbrella on ground,26F1,â›±,Travel & Places,sky & weather
P button,1F17F,ğŸ…¿,Symbols,alphanum
parrot,1F99C,ğŸ¦œ,Animals & Nature,animal-bird
part alternation mark,303D,ã€½,Symbols,other-symbol
sun behind cloud,26C5,â›…,Travel & Places,sky & weather
partying face,1F973,ğŸ¥³,Smileys & Emotion,face-hat
passenger ship,1F6F3,ğŸ›³,Travel & Places,transport-water
passport control,1F6C2,ğŸ›‚,Symbols,transport-sign
pause button,23F8,â¸,Symbols,av-symbol
paw prints,1F43E,ğŸ¾,Animals & Nature,animal-mammal
peace symbol,262E,â˜®,Symbols,religion
peach,1F351,ğŸ‘,Food & Drink,food-fruit
peacock,1F99A,ğŸ¦š,Animals & Nature,animal-bird
peanuts,1F95C,ğŸ¥œ,Food & Drink,food-vegetable
pear,1F350,ğŸ,Food & Drink,food-fruit
pen,1F58A,ğŸ–Š,Objects,writing
memo,1F4DD,ğŸ“,Objects,writing
pencil,270F,âœ,Objects,writing
penguin,1F427,ğŸ§,Animals & Nature,animal-bird
pensive face,1F614,ğŸ˜”,Smileys & Emotion,face-sleepy
handshake,1F91D,ğŸ¤,People & Body,hands
performing arts,1F3AD,ğŸ­,Activities,arts & crafts
persevering face,1F623,ğŸ˜£,Smileys & Emotion,face-concerned
person,1F9D1,ğŸ§‘,People & Body,person
person,1F9D1,ğŸ§‘,People & Body,person
person fencing,1F93A,ğŸ¤º,People & Body,person-sport
person,1F9D1,ğŸ§‘,People & Body,person
person,1F9D1,ğŸ§‘,People & Body,person
person,1F9D1,ğŸ§‘,People & Body,person
person,1F9D1,ğŸ§‘,People & Body,person
person,1F9D1,ğŸ§‘,People & Body,person
person wearing turban,1F473,ğŸ‘³,People & Body,person-role
petri dish,1F9EB,ğŸ§«,Objects,science
telephone,260E,â˜,Objects,phone
pick,26CF,â›,Objects,tool
pie,1F967,ğŸ¥§,Food & Drink,food-sweet
pig face,1F437,ğŸ·,Animals & Nature,animal-mammal
pig,1F416,ğŸ–,Animals & Nature,animal-mammal
pig nose,1F43D,ğŸ½,Animals & Nature,animal-mammal
pill,1F48A,ğŸ’Š,Objects,medical
person,1F9D1,ğŸ§‘,People & Body,person
pinching hand,1F90F,ğŸ¤,People & Body,hand-fingers-partial
pineapple,1F34D,ğŸ,Food & Drink,food-fruit
ping pong,1F3D3,ğŸ“,Activities,sport
skull and crossbones,2620,â˜ ,Smileys & Emotion,face-negative
Pisces,2653,â™“,Symbols,zodiac
pizza,1F355,ğŸ•,Food & Drink,food-prepared
place of worship,1F6D0,ğŸ›,Symbols,religion
fork and knife with plate,1F37D,ğŸ½,Food & Drink,dishware
play or pause button,23EF,â¯,Symbols,av-symbol
pleading face,1F97A,ğŸ¥º,Smileys & Emotion,face-concerned
backhand index pointing down,1F447,ğŸ‘‡,People & Body,hand-single-finger
backhand index pointing left,1F448,ğŸ‘ˆ,People & Body,hand-single-finger
backhand index pointing right,1F449,ğŸ‘‰,People & Body,hand-single-finger
index pointing up,261D,â˜,People & Body,hand-single-finger
backhand index pointing up,1F446,ğŸ‘†,People & Body,hand-single-finger
police car,1F693,ğŸš“,Travel & Places,transport-ground
police officer,1F46E,ğŸ‘®,People & Body,person-role
police officer,1F46E,ğŸ‘®,People & Body,person-role
police officer,1F46E,ğŸ‘®,People & Body,person-role
poodle,1F429,ğŸ©,Animals & Nature,animal-mammal
pile of poo,1F4A9,ğŸ’©,Smileys & Emotion,face-costume
popcorn,1F37F,ğŸ¿,Food & Drink,food-prepared
Japanese post office,1F3E3,ğŸ£,Travel & Places,place-building
postal horn,1F4EF,ğŸ“¯,Objects,sound
postbox,1F4EE,ğŸ“®,Objects,mail
potable water,1F6B0,ğŸš°,Symbols,transport-sign
potato,1F954,ğŸ¥”,Food & Drink,food-vegetable
clutch bag,1F45D,ğŸ‘,Objects,clothing
poultry leg,1F357,ğŸ—,Food & Drink,food-prepared
pound banknote,1F4B7,ğŸ’·,Objects,money
pouting face,1F621,ğŸ˜¡,Smileys & Emotion,face-negative
pouting cat,1F63E,ğŸ˜¾,Smileys & Emotion,cat-face
person pouting,1F64E,ğŸ™,People & Body,person-gesture
person pouting,1F64E,ğŸ™,People & Body,person-gesture
person pouting,1F64E,ğŸ™,People & Body,person-gesture
folded hands,1F64F,ğŸ™,People & Body,hands
prayer beads,1F4FF,ğŸ“¿,Objects,clothing
pregnant woman,1F930,ğŸ¤°,People & Body,person-role
pretzel,1F968,ğŸ¥¨,Food & Drink,food-prepared
last track button,23EE,â®,Symbols,av-symbol
prince,1F934,ğŸ¤´,People & Body,person-role
princess,1F478,ğŸ‘¸,People & Body,person-role
printer,1F5A8,ğŸ–¨,Objects,computer
probing cane,1F9AF,ğŸ¦¯,Objects,tool
oncoming fist,1F44A,ğŸ‘Š,People & Body,hand-fingers-closed
purple circle,1F7E3,ğŸŸ£,Symbols,geometric
purple heart,1F49C,ğŸ’œ,Smileys & Emotion,emotion
purple square,1F7EA,ğŸŸª,Symbols,geometric
purse,1F45B,ğŸ‘›,Objects,clothing
pushpin,1F4CC,ğŸ“Œ,Objects,office
litter in bin sign,1F6AE,ğŸš®,Symbols,transport-sign
question mark,2753,â“,Symbols,other-symbol
rabbit face,1F430,ğŸ°,Animals & Nature,animal-mammal
rabbit,1F407,ğŸ‡,Animals & Nature,animal-mammal
raccoon,1F99D,ğŸ¦,Animals & Nature,animal-mammal
horse,1F40E,ğŸ,Animals & Nature,animal-mammal
racing car,1F3CE,ğŸ,Travel & Places,transport-ground
radio,1F4FB,ğŸ“»,Objects,music
radio button,1F518,ğŸ”˜,Symbols,geometric
radioactive,2622,â˜¢,Symbols,warning
pouting face,1F621,ğŸ˜¡,Smileys & Emotion,face-negative
railway car,1F683,ğŸšƒ,Travel & Places,transport-ground
railway track,1F6E4,ğŸ›¤,Travel & Places,transport-ground
rainbow,1F308,ğŸŒˆ,Travel & Places,sky & weather
rainbow,1F308,ğŸŒˆ,Travel & Places,sky & weather
raised back of hand,1F91A,ğŸ¤š,People & Body,hand-fingers-open
face with raised eyebrow,1F928,ğŸ¤¨,Smileys & Emotion,face-neutral-skeptical
raised hand,270B,âœ‹,People & Body,hand-fingers-open
hand with fingers splayed,1F590,ğŸ–,People & Body,hand-fingers-open
raising hands,1F64C,ğŸ™Œ,People & Body,hands
person raising hand,1F64B,ğŸ™‹,People & Body,person-gesture
person raising hand,1F64B,ğŸ™‹,People & Body,person-gesture
person raising hand,1F64B,ğŸ™‹,People & Body,person-gesture
ram,1F40F,ğŸ,Animals & Nature,animal-mammal
steaming bowl,1F35C,ğŸœ,Food & Drink,food-asian
rat,1F400,ğŸ€,Animals & Nature,animal-mammal
razor,1FA92,ğŸª’,Objects,household
receipt,1F9FE,ğŸ§¾,Objects,money
record button,23FA,âº,Symbols,av-symbol
recycling symbol,267B,â™»,Symbols,other-symbol
automobile,1F697,ğŸš—,Travel & Places,transport-ground
red circle,1F534,ğŸ”´,Symbols,geometric
red envelope,1F9E7,ğŸ§§,Activities,event
man,1F468,ğŸ‘¨,People & Body,person
woman,1F469,ğŸ‘©,People & Body,person
red square,1F7E5,ğŸŸ¥,Symbols,geometric
registered,00AE,Â®,Symbols,other-symbol
smiling face,263A,â˜º,Smileys & Emotion,face-affection
relieved face,1F60C,ğŸ˜Œ,Smileys & Emotion,face-sleepy
reminder ribbon,1F397,ğŸ—,Activities,event
repeat button,1F501,ğŸ”,Symbols,av-symbol
repeat single button,1F502,ğŸ”‚,Symbols,av-symbol
rescue workerâ€™s helmet,26D1,â›‘,Objects,clothing
restroom,1F6BB,ğŸš»,Symbols,transport-sign
revolving hearts,1F49E,ğŸ’,Smileys & Emotion,emotion
fast reverse button,23EA,âª,Symbols,av-symbol
rhinoceros,1F98F,ğŸ¦,Animals & Nature,animal-mammal
ribbon,1F380,ğŸ€,Activities,event
cooked rice,1F35A,ğŸš,Food & Drink,food-asian
rice ball,1F359,ğŸ™,Food & Drink,food-asian
rice cracker,1F358,ğŸ˜,Food & Drink,food-asian
moon viewing ceremony,1F391,ğŸ‘,Activities,event
right anger bubble,1F5EF,ğŸ—¯,Smileys & Emotion,emotion
ring,1F48D,ğŸ’,Objects,clothing
ringed planet,1FA90,ğŸª,Travel & Places,sky & weather
robot,1F916,ğŸ¤–,Smileys & Emotion,face-costume
rocket,1F680,ğŸš€,Travel & Places,transport-air
rolling on the floor laughing,1F923,ğŸ¤£,Smileys & Emotion,face-smiling
face with rolling eyes,1F644,ğŸ™„,Smileys & Emotion,face-neutral-skeptical
roll of paper,1F9FB,ğŸ§»,Objects,household
roller coaster,1F3A2,ğŸ¢,Travel & Places,place-other
rooster,1F413,ğŸ“,Animals & Nature,animal-bird
rose,1F339,ğŸŒ¹,Animals & Nature,plant-flower
rosette,1F3F5,ğŸµ,Animals & Nature,plant-flower
police car light,1F6A8,ğŸš¨,Travel & Places,transport-ground
round pushpin,1F4CD,ğŸ“,Objects,office
person rowing boat,1F6A3,ğŸš£,People & Body,person-sport
person rowing boat,1F6A3,ğŸš£,People & Body,person-sport
person rowing boat,1F6A3,ğŸš£,People & Body,person-sport
rugby football,1F3C9,ğŸ‰,Activities,sport
person running,1F3C3,ğŸƒ,People & Body,person-activity
person running,1F3C3,ğŸƒ,People & Body,person-activity
person running,1F3C3,ğŸƒ,People & Body,person-activity
running shirt,1F3BD,ğŸ½,Activities,sport
person running,1F3C3,ğŸƒ,People & Body,person-activity
Japanese â€œservice chargeâ€ button,1F202,ğŸˆ‚,Symbols,alphanum
safety pin,1F9F7,ğŸ§·,Objects,household
safety vest,1F9BA,ğŸ¦º,Objects,clothing
Sagittarius,2650,â™,Symbols,zodiac
sailboat,26F5,â›µ,Travel & Places,transport-water
sake,1F376,ğŸ¶,Food & Drink,drink
salt,1F9C2,ğŸ§‚,Food & Drink,food-prepared
womanâ€™s sandal,1F461,ğŸ‘¡,Objects,clothing
sandwich,1F96A,ğŸ¥ª,Food & Drink,food-prepared
Santa Claus,1F385,ğŸ…,People & Body,person-fantasy
sari,1F97B,ğŸ¥»,Objects,clothing
person tipping hand,1F481,ğŸ’,People & Body,person-gesture
person tipping hand,1F481,ğŸ’,People & Body,person-gesture
satellite antenna,1F4E1,ğŸ“¡,Objects,science
grinning squinting face,1F606,ğŸ˜†,Smileys & Emotion,face-smiling
person in steamy room,1F9D6,ğŸ§–,People & Body,person-activity
person in steamy room,1F9D6,ğŸ§–,People & Body,person-activity
person in steamy room,1F9D6,ğŸ§–,People & Body,person-activity
sauropod,1F995,ğŸ¦•,Animals & Nature,animal-reptile
saxophone,1F3B7,ğŸ·,Objects,musical-instrument
scarf,1F9E3,ğŸ§£,Objects,clothing
school,1F3EB,ğŸ«,Travel & Places,place-building
backpack,1F392,ğŸ’,Objects,clothing
person,1F9D1,ğŸ§‘,People & Body,person
scissors,2702,âœ‚,Objects,office
scorpion,1F982,ğŸ¦‚,Animals & Nature,animal-bug
Scorpio,264F,â™,Symbols,zodiac
black flag,1F3F4,ğŸ´,Flags,flag
face screaming in fear,1F631,ğŸ˜±,Smileys & Emotion,face-concerned
weary cat,1F640,ğŸ™€,Smileys & Emotion,cat-face
scroll,1F4DC,ğŸ“œ,Objects,book-paper
seat,1F4BA,ğŸ’º,Travel & Places,transport-air
Japanese â€œsecretâ€ button,3299,ãŠ™,Symbols,alphanum
see-no-evil monkey,1F648,ğŸ™ˆ,Smileys & Emotion,monkey-face
seedling,1F331,ğŸŒ±,Animals & Nature,plant-other
selfie,1F933,ğŸ¤³,People & Body,hand-prop
dog,1F415,ğŸ•,Animals & Nature,animal-mammal
keycap: 7,0037 20E3,7âƒ£,Symbols,keycap
shallow pan of food,1F958,ğŸ¥˜,Food & Drink,food-prepared
shamrock,2618,â˜˜,Animals & Nature,plant-other
shark,1F988,ğŸ¦ˆ,Animals & Nature,animal-marine
shaved ice,1F367,ğŸ§,Food & Drink,food-sweet
ewe,1F411,ğŸ‘,Animals & Nature,animal-mammal
spiral shell,1F41A,ğŸš,Animals & Nature,animal-marine
shield,1F6E1,ğŸ›¡,Objects,tool
shinto shrine,26E9,â›©,Travel & Places,place-religious
ship,1F6A2,ğŸš¢,Travel & Places,transport-water
t-shirt,1F455,ğŸ‘•,Objects,clothing
pile of poo,1F4A9,ğŸ’©,Smileys & Emotion,face-costume
manâ€™s shoe,1F45E,ğŸ‘,Objects,clothing
shopping bags,1F6CD,ğŸ›,Objects,clothing
shopping cart,1F6D2,ğŸ›’,Objects,household
shorts,1FA73,ğŸ©³,Objects,clothing
shower,1F6BF,ğŸš¿,Objects,household
shrimp,1F990,ğŸ¦,Food & Drink,food-marine
person shrugging,1F937,ğŸ¤·,People & Body,person-gesture
shushing face,1F92B,ğŸ¤«,Smileys & Emotion,face-hand
antenna bars,1F4F6,ğŸ“¶,Symbols,av-symbol
person,1F9D1,ğŸ§‘,People & Body,person
keycap: 6,0036 20E3,6âƒ£,Symbols,keycap
dotted six-pointed star,1F52F,ğŸ”¯,Symbols,religion
skateboard,1F6F9,ğŸ›¹,Travel & Places,transport-ground
skis,1F3BF,ğŸ¿,Activities,sport
skier,26F7,â›·,People & Body,person-sport
skull,1F480,ğŸ’€,Smileys & Emotion,face-negative
skull and crossbones,2620,â˜ ,Smileys & Emotion,face-negative
skunk,1F9A8,ğŸ¦¨,Animals & Nature,animal-mammal
sled,1F6F7,ğŸ›·,Activities,sport
sleeping face,1F634,ğŸ˜´,Smileys & Emotion,face-sleepy
person in bed,1F6CC,ğŸ›Œ,People & Body,person-resting
sleepy face,1F62A,ğŸ˜ª,Smileys & Emotion,face-sleepy
slightly frowning face,1F641,ğŸ™,Smileys & Emotion,face-concerned
slightly smiling face,1F642,ğŸ™‚,Smileys & Emotion,face-smiling
slot machine,1F3B0,ğŸ°,Activities,game
sloth,1F9A5,ğŸ¦¥,Animals & Nature,animal-mammal
small airplane,1F6E9,ğŸ›©,Travel & Places,transport-air
small blue diamond,1F539,ğŸ”¹,Symbols,geometric
small orange diamond,1F538,ğŸ”¸,Symbols,geometric
red triangle pointed up,1F53A,ğŸ”º,Symbols,geometric
red triangle pointed down,1F53B,ğŸ”»,Symbols,geometric
grinning face with smiling eyes,1F604,ğŸ˜„,Smileys & Emotion,face-smiling
grinning cat with smiling eyes,1F638,ğŸ˜¸,Smileys & Emotion,cat-face
grinning face with big eyes,1F603,ğŸ˜ƒ,Smileys & Emotion,face-smiling
grinning cat,1F63A,ğŸ˜º,Smileys & Emotion,cat-face
smiling face with hearts,1F970,ğŸ¥°,Smileys & Emotion,face-affection
smiling face with horns,1F608,ğŸ˜ˆ,Smileys & Emotion,face-negative
smirking face,1F60F,ğŸ˜,Smileys & Emotion,face-neutral-skeptical
cat with wry smile,1F63C,ğŸ˜¼,Smileys & Emotion,cat-face
cigarette,1F6AC,ğŸš¬,Objects,other-object
snail,1F40C,ğŸŒ,Animals & Nature,animal-bug
snake,1F40D,ğŸ,Animals & Nature,animal-reptile
sneezing face,1F927,ğŸ¤§,Smileys & Emotion,face-unwell
snowboarder,1F3C2,ğŸ‚,People & Body,person-sport
snowflake,2744,â„,Travel & Places,sky & weather
snowman without snow,26C4,â›„,Travel & Places,sky & weather
snowman,2603,â˜ƒ,Travel & Places,sky & weather
soap,1F9FC,ğŸ§¼,Objects,household
loudly crying face,1F62D,ğŸ˜­,Smileys & Emotion,face-concerned
soccer ball,26BD,âš½,Activities,sport
socks,1F9E6,ğŸ§¦,Objects,clothing
softball,1F94E,ğŸ¥,Activities,sport
SOON arrow,1F51C,ğŸ”œ,Symbols,arrow
SOS button,1F198,ğŸ†˜,Symbols,alphanum
speaker medium volume,1F509,ğŸ”‰,Objects,sound
alien monster,1F47E,ğŸ‘¾,Smileys & Emotion,face-costume
spade suit,2660,â™ ,Activities,game
spaghetti,1F35D,ğŸ,Food & Drink,food-asian
sparkle,2747,â‡,Symbols,other-symbol
sparkler,1F387,ğŸ‡,Activities,event
sparkles,2728,âœ¨,Activities,event
sparkling heart,1F496,ğŸ’–,Smileys & Emotion,emotion
speak-no-evil monkey,1F64A,ğŸ™Š,Smileys & Emotion,monkey-face
speaker low volume,1F508,ğŸ”ˆ,Objects,sound
speaking head,1F5E3,ğŸ—£,People & Body,person-symbol
speech balloon,1F4AC,ğŸ’¬,Smileys & Emotion,emotion
speedboat,1F6A4,ğŸš¤,Travel & Places,transport-water
spider,1F577,ğŸ•·,Animals & Nature,animal-bug
spider web,1F578,ğŸ•¸,Animals & Nature,animal-bug
spiral calendar,1F5D3,ğŸ—“,Objects,office
spiral notepad,1F5D2,ğŸ—’,Objects,office
sponge,1F9FD,ğŸ§½,Objects,household
spoon,1F944,ğŸ¥„,Food & Drink,dishware
squid,1F991,ğŸ¦‘,Food & Drink,food-marine
stadium,1F3DF,ğŸŸ,Travel & Places,place-building
person standing,1F9CD,ğŸ§,People & Body,person-activity
person standing,1F9CD,ğŸ§,People & Body,person-activity
person standing,1F9CD,ğŸ§,People & Body,person-activity
star,2B50,â­,Travel & Places,sky & weather
glowing star,1F31F,ğŸŒŸ,Travel & Places,sky & weather
star and crescent,262A,â˜ª,Symbols,religion
star of David,2721,âœ¡,Symbols,religion
star-struck,1F929,ğŸ¤©,Smileys & Emotion,face-affection
shooting star,1F320,ğŸŒ ,Travel & Places,sky & weather
station,1F689,ğŸš‰,Travel & Places,transport-ground
Statue of Liberty,1F5FD,ğŸ—½,Travel & Places,place-building
locomotive,1F682,ğŸš‚,Travel & Places,transport-ground
stethoscope,1FA7A,ğŸ©º,Objects,medical
pot of food,1F372,ğŸ²,Food & Drink,food-prepared
stop button,23F9,â¹,Symbols,av-symbol
stop sign,1F6D1,ğŸ›‘,Travel & Places,transport-ground
stopwatch,23F1,â±,Travel & Places,time
straight ruler,1F4CF,ğŸ“,Objects,office
strawberry,1F353,ğŸ“,Food & Drink,food-fruit
face with tongue,1F61B,ğŸ˜›,Smileys & Emotion,face-tongue
squinting face with tongue,1F61D,ğŸ˜,Smileys & Emotion,face-tongue
winking face with tongue,1F61C,ğŸ˜œ,Smileys & Emotion,face-tongue
person,1F9D1,ğŸ§‘,People & Body,person
studio microphone,1F399,ğŸ™,Objects,music
stuffed flatbread,1F959,ğŸ¥™,Food & Drink,food-prepared
sun behind large cloud,1F325,ğŸŒ¥,Travel & Places,sky & weather
sun behind rain cloud,1F326,ğŸŒ¦,Travel & Places,sky & weather
sun behind small cloud,1F324,ğŸŒ¤,Travel & Places,sky & weather
sun with face,1F31E,ğŸŒ,Travel & Places,sky & weather
sunflower,1F33B,ğŸŒ»,Animals & Nature,plant-flower
smiling face with sunglasses,1F60E,ğŸ˜,Smileys & Emotion,face-glasses
sun,2600,â˜€,Travel & Places,sky & weather
sunrise,1F305,ğŸŒ…,Travel & Places,place-other
sunrise over mountains,1F304,ğŸŒ„,Travel & Places,place-other
superhero,1F9B8,ğŸ¦¸,People & Body,person-fantasy
superhero,1F9B8,ğŸ¦¸,People & Body,person-fantasy
superhero,1F9B8,ğŸ¦¸,People & Body,person-fantasy
supervillain,1F9B9,ğŸ¦¹,People & Body,person-fantasy
supervillain,1F9B9,ğŸ¦¹,People & Body,person-fantasy
supervillain,1F9B9,ğŸ¦¹,People & Body,person-fantasy
person surfing,1F3C4,ğŸ„,People & Body,person-sport
person surfing,1F3C4,ğŸ„,People & Body,person-sport
person surfing,1F3C4,ğŸ„,People & Body,person-sport
sushi,1F363,ğŸ£,Food & Drink,food-asian
suspension railway,1F69F,ğŸšŸ,Travel & Places,transport-air
swan,1F9A2,ğŸ¦¢,Animals & Nature,animal-bird
downcast face with sweat,1F613,ğŸ˜“,Smileys & Emotion,face-concerned
sweat droplets,1F4A6,ğŸ’¦,Smileys & Emotion,emotion
grinning face with sweat,1F605,ğŸ˜…,Smileys & Emotion,face-smiling
roasted sweet potato,1F360,ğŸ ,Food & Drink,food-asian
briefs,1FA72,ğŸ©²,Objects,clothing
person swimming,1F3CA,ğŸŠ,People & Body,person-sport
person swimming,1F3CA,ğŸŠ,People & Body,person-sport
person swimming,1F3CA,ğŸŠ,People & Body,person-sport
input symbols,1F523,ğŸ”£,Symbols,alphanum
synagogue,1F54D,ğŸ•,Travel & Places,place-religious
syringe,1F489,ğŸ’‰,Objects,medical
T-Rex,1F996,ğŸ¦–,Animals & Nature,animal-reptile
taco,1F32E,ğŸŒ®,Food & Drink,food-prepared
party popper,1F389,ğŸ‰,Activities,event
takeout box,1F961,ğŸ¥¡,Food & Drink,food-asian
tanabata tree,1F38B,ğŸ‹,Activities,event
tangerine,1F34A,ğŸŠ,Food & Drink,food-fruit
Taurus,2649,â™‰,Symbols,zodiac
taxi,1F695,ğŸš•,Travel & Places,transport-ground
teacup without handle,1F375,ğŸµ,Food & Drink,drink
person,1F9D1,ğŸ§‘,People & Body,person
person,1F9D1,ğŸ§‘,People & Body,person
teddy bear,1F9F8,ğŸ§¸,Activities,game
telephone,260E,â˜,Objects,phone
telephone receiver,1F4DE,ğŸ“,Objects,phone
telescope,1F52D,ğŸ”­,Objects,science
tennis,1F3BE,ğŸ¾,Activities,sport
tent,26FA,â›º,Travel & Places,place-other
test tube,1F9EA,ğŸ§ª,Objects,science
thermometer,1F321,ğŸŒ¡,Travel & Places,sky & weather
thinking face,1F914,ğŸ¤”,Smileys & Emotion,face-hand
thought balloon,1F4AD,ğŸ’­,Smileys & Emotion,emotion
thread,1F9F5,ğŸ§µ,Activities,arts & crafts
keycap: 3,0033 20E3,3âƒ£,Symbols,keycap
thumbs down,1F44E,ğŸ‘,People & Body,hand-fingers-closed
thumbs up,1F44D,ğŸ‘,People & Body,hand-fingers-closed
ticket,1F3AB,ğŸ«,Activities,event
admission tickets,1F39F,ğŸŸ,Activities,event
tiger face,1F42F,ğŸ¯,Animals & Nature,animal-mammal
tiger,1F405,ğŸ…,Animals & Nature,animal-mammal
timer clock,23F2,â²,Travel & Places,time
person tipping hand,1F481,ğŸ’,People & Body,person-gesture
person tipping hand,1F481,ğŸ’,People & Body,person-gesture
person tipping hand,1F481,ğŸ’,People & Body,person-gesture
tired face,1F62B,ğŸ˜«,Smileys & Emotion,face-concerned
trade mark,2122,â„¢,Symbols,other-symbol
toilet,1F6BD,ğŸš½,Objects,household
Tokyo tower,1F5FC,ğŸ—¼,Travel & Places,place-building
tomato,1F345,ğŸ…,Food & Drink,food-fruit
tongue,1F445,ğŸ‘…,People & Body,body-parts
toolbox,1F9F0,ğŸ§°,Objects,tool
tooth,1F9B7,ğŸ¦·,People & Body,body-parts
TOP arrow,1F51D,ğŸ”,Symbols,arrow
top hat,1F3A9,ğŸ©,Objects,clothing
tornado,1F32A,ğŸŒª,Travel & Places,sky & weather
trackball,1F5B2,ğŸ–²,Objects,computer
tractor,1F69C,ğŸšœ,Travel & Places,transport-ground
horizontal traffic light,1F6A5,ğŸš¥,Travel & Places,transport-ground
tram car,1F68B,ğŸš‹,Travel & Places,transport-ground
train,1F686,ğŸš†,Travel & Places,transport-ground
tram,1F68A,ğŸšŠ,Travel & Places,transport-ground
triangular flag,1F6A9,ğŸš©,Flags,flag
triangular ruler,1F4D0,ğŸ“,Objects,office
trident emblem,1F531,ğŸ”±,Symbols,other-symbol
face with steam from nose,1F624,ğŸ˜¤,Smileys & Emotion,face-negative
trolleybus,1F68E,ğŸš,Travel & Places,transport-ground
trophy,1F3C6,ğŸ†,Activities,award-medal
tropical drink,1F379,ğŸ¹,Food & Drink,drink
tropical fish,1F420,ğŸ ,Animals & Nature,animal-marine
delivery truck,1F69A,ğŸšš,Travel & Places,transport-ground
trumpet,1F3BA,ğŸº,Objects,musical-instrument
t-shirt,1F455,ğŸ‘•,Objects,clothing
tulip,1F337,ğŸŒ·,Animals & Nature,plant-flower
tumbler glass,1F943,ğŸ¥ƒ,Food & Drink,drink
turkey,1F983,ğŸ¦ƒ,Animals & Nature,animal-bird
turtle,1F422,ğŸ¢,Animals & Nature,animal-reptile
television,1F4FA,ğŸ“º,Objects,light & video
shuffle tracks button,1F500,ğŸ”€,Symbols,av-symbol
keycap: 2,0032 20E3,2âƒ£,Symbols,keycap
two hearts,1F495,ğŸ’•,Smileys & Emotion,emotion
men holding hands,1F46C,ğŸ‘¬,People & Body,family
women holding hands,1F46D,ğŸ‘­,People & Body,family
Japanese â€œdiscountâ€ button,1F239,ğŸˆ¹,Symbols,alphanum
Japanese â€œpassing gradeâ€ button,1F234,ğŸˆ´,Symbols,alphanum
Japanese â€œopen for businessâ€ button,1F23A,ğŸˆº,Symbols,alphanum
Japanese â€œreservedâ€ button,1F22F,ğŸˆ¯,Symbols,alphanum
Japanese â€œmonthly amountâ€ button,1F237,ğŸˆ·,Symbols,alphanum
Japanese â€œnot free of chargeâ€ button,1F236,ğŸˆ¶,Symbols,alphanum
Japanese â€œno vacancyâ€ button,1F235,ğŸˆµ,Symbols,alphanum
Japanese â€œfree of chargeâ€ button,1F21A,ğŸˆš,Symbols,alphanum
Japanese â€œapplicationâ€ button,1F238,ğŸˆ¸,Symbols,alphanum
Japanese â€œprohibitedâ€ button,1F232,ğŸˆ²,Symbols,alphanum
Japanese â€œvacancyâ€ button,1F233,ğŸˆ³,Symbols,alphanum
umbrella with rain drops,2614,â˜”,Travel & Places,sky & weather
unamused face,1F612,ğŸ˜’,Smileys & Emotion,face-neutral-skeptical
no one under eighteen,1F51E,ğŸ”,Symbols,warning
unicorn,1F984,ğŸ¦„,Animals & Nature,animal-mammal
unlocked,1F513,ğŸ”“,Objects,lock
UP! button,1F199,ğŸ†™,Symbols,alphanum
upside-down face,1F643,ğŸ™ƒ,Smileys & Emotion,face-smiling
victory hand,270C,âœŒ,People & Body,hand-fingers-partial
vampire,1F9DB,ğŸ§›,People & Body,person-fantasy
vampire,1F9DB,ğŸ§›,People & Body,person-fantasy
vampire,1F9DB,ğŸ§›,People & Body,person-fantasy
vertical traffic light,1F6A6,ğŸš¦,Travel & Places,transport-ground
videocassette,1F4FC,ğŸ“¼,Objects,light & video
vibration mode,1F4F3,ğŸ“³,Symbols,av-symbol
video camera,1F4F9,ğŸ“¹,Objects,light & video
video game,1F3AE,ğŸ®,Activities,game
violin,1F3BB,ğŸ»,Objects,musical-instrument
Virgo,264D,â™,Symbols,zodiac
volcano,1F30B,ğŸŒ‹,Travel & Places,place-geographic
volleyball,1F3D0,ğŸ,Activities,sport
face vomiting,1F92E,ğŸ¤®,Smileys & Emotion,face-unwell
VS button,1F19A,ğŸ†š,Symbols,alphanum
vulcan salute,1F596,ğŸ––,People & Body,hand-fingers-open
waffle,1F9C7,ğŸ§‡,Food & Drink,food-prepared
black flag,1F3F4,ğŸ´,Flags,flag
person walking,1F6B6,ğŸš¶,People & Body,person-activity
person walking,1F6B6,ğŸš¶,People & Body,person-activity
person walking,1F6B6,ğŸš¶,People & Body,person-activity
waning crescent moon,1F318,ğŸŒ˜,Travel & Places,sky & weather
waning gibbous moon,1F316,ğŸŒ–,Travel & Places,sky & weather
warning,26A0,âš ,Symbols,warning
wastebasket,1F5D1,ğŸ—‘,Objects,office
watch,231A,âŒš,Travel & Places,time
water buffalo,1F403,ğŸƒ,Animals & Nature,animal-mammal
person playing water polo,1F93D,ğŸ¤½,People & Body,person-sport
watermelon,1F349,ğŸ‰,Food & Drink,food-fruit
waving hand,1F44B,ğŸ‘‹,People & Body,hand-fingers-open
wavy dash,3030,ã€°,Symbols,other-symbol
waxing crescent moon,1F312,ğŸŒ’,Travel & Places,sky & weather
waxing gibbous moon,1F314,ğŸŒ”,Travel & Places,sky & weather
water closet,1F6BE,ğŸš¾,Symbols,transport-sign
weary face,1F629,ğŸ˜©,Smileys & Emotion,face-concerned
wedding,1F492,ğŸ’’,Travel & Places,place-building
person lifting weights,1F3CB,ğŸ‹,People & Body,person-sport
person lifting weights,1F3CB,ğŸ‹,People & Body,person-sport
person lifting weights,1F3CB,ğŸ‹,People & Body,person-sport
spouting whale,1F433,ğŸ³,Animals & Nature,animal-marine
whale,1F40B,ğŸ‹,Animals & Nature,animal-marine
wheel of dharma,2638,â˜¸,Symbols,religion
wheelchair symbol,267F,â™¿,Symbols,transport-sign
check mark button,2705,âœ…,Symbols,other-symbol
white circle,26AA,âšª,Symbols,geometric
white flag,1F3F3,ğŸ³,Flags,flag
white flower,1F4AE,ğŸ’®,Animals & Nature,plant-flower
man,1F468,ğŸ‘¨,People & Body,person
woman,1F469,ğŸ‘©,People & Body,person
white heart,1F90D,ğŸ¤,Smileys & Emotion,emotion
white large square,2B1C,â¬œ,Symbols,geometric
white medium-small square,25FD,â—½,Symbols,geometric
white medium square,25FB,â—»,Symbols,geometric
white small square,25AB,â–«,Symbols,geometric
white square button,1F533,ğŸ”³,Symbols,geometric
wilted flower,1F940,ğŸ¥€,Animals & Nature,plant-flower
wind chime,1F390,ğŸ,Activities,event
wind face,1F32C,ğŸŒ¬,Travel & Places,sky & weather
wine glass,1F377,ğŸ·,Food & Drink,drink
winking face,1F609,ğŸ˜‰,Smileys & Emotion,face-smiling
wolf,1F43A,ğŸº,Animals & Nature,animal-mammal
woman,1F469,ğŸ‘©,People & Body,person
woman,1F469,ğŸ‘©,People & Body,person
woman,1F469,ğŸ‘©,People & Body,person
person cartwheeling,1F938,ğŸ¤¸,People & Body,person-sport
woman,1F469,ğŸ‘©,People & Body,person
woman dancing,1F483,ğŸ’ƒ,People & Body,person-activity
person facepalming,1F926,ğŸ¤¦,People & Body,person-gesture
woman,1F469,ğŸ‘©,People & Body,person
woman,1F469,ğŸ‘©,People & Body,person
woman,1F469,ğŸ‘©,People & Body,person
woman,1F469,ğŸ‘©,People & Body,person
woman,1F469,ğŸ‘©,People & Body,person
woman,1F469,ğŸ‘©,People & Body,person
woman,1F469,ğŸ‘©,People & Body,person
person juggling,1F939,ğŸ¤¹,People & Body,person-sport
woman,1F469,ğŸ‘©,People & Body,person
woman,1F469,ğŸ‘©,People & Body,person
woman,1F469,ğŸ‘©,People & Body,person
person playing handball,1F93E,ğŸ¤¾,People & Body,person-sport
person playing water polo,1F93D,ğŸ¤½,People & Body,person-sport
woman,1F469,ğŸ‘©,People & Body,person
person shrugging,1F937,ğŸ¤·,People & Body,person-gesture
woman,1F469,ğŸ‘©,People & Body,person
woman,1F469,ğŸ‘©,People & Body,person
woman,1F469,ğŸ‘©,People & Body,person
woman,1F469,ğŸ‘©,People & Body,person
woman with headscarf,1F9D5,ğŸ§•,People & Body,person-role
woman,1F469,ğŸ‘©,People & Body,person
person wearing turban,1F473,ğŸ‘³,People & Body,person-role
womanâ€™s clothes,1F45A,ğŸ‘š,Objects,clothing
womanâ€™s hat,1F452,ğŸ‘’,Objects,clothing
people wrestling,1F93C,ğŸ¤¼,People & Body,person-sport
womenâ€™s room,1F6BA,ğŸšº,Symbols,transport-sign
woozy face,1F974,ğŸ¥´,Smileys & Emotion,face-unwell
world map,1F5FA,ğŸ—º,Travel & Places,place-map
worried face,1F61F,ğŸ˜Ÿ,Smileys & Emotion,face-concerned
wrench,1F527,ğŸ”§,Objects,tool
people wrestling,1F93C,ğŸ¤¼,People & Body,person-sport
writing hand,270D,âœ,People & Body,hand-prop
cross mark,274C,âŒ,Symbols,other-symbol
yarn,1F9F6,ğŸ§¶,Activities,arts & crafts
yawning face,1F971,ğŸ¥±,Smileys & Emotion,face-concerned
yellow circle,1F7E1,ğŸŸ¡,Symbols,geometric
yellow heart,1F49B,ğŸ’›,Smileys & Emotion,emotion
yellow square,1F7E8,ğŸŸ¨,Symbols,geometric
yen banknote,1F4B4,ğŸ’´,Objects,money
yin yang,262F,â˜¯,Symbols,religion
yo-yo,1FA80,ğŸª€,Activities,game
face savoring food,1F60B,ğŸ˜‹,Smileys & Emotion,face-tongue
zany face,1F92A,ğŸ¤ª,Smileys & Emotion,face-tongue
high voltage,26A1,âš¡,Travel & Places,sky & weather
zebra,1F993,ğŸ¦“,Animals & Nature,animal-mammal
keycap: 0,0030 20E3,0âƒ£,Symbols,keycap
zipper-mouth face,1F910,ğŸ¤,Smileys & Emotion,face-neutral-skeptical
zombie,1F9DF,ğŸ§Ÿ,People & Body,person-fantasy
zombie,1F9DF,ğŸ§Ÿ,People & Body,person-fantasy
zombie,1F9DF,ğŸ§Ÿ,People & Body,person-fantasy
zzz,1F4A4,ğŸ’¤,Smileys & Emotion,emotion